"speed_kmh","signal_strength_dbm","network_stability_index","vehicle_density","scheduling_algorithm","latency_ms","high_latency"
74.6,-94.5,0.72,"Low","RoundRobin",81,"High"
54.2,-89.5,0.658,"Medium","RoundRobin",68.4,"Normal"
57.5,-77.8,0.916,"Medium","RoundRobin",69.9,"Normal"
65.6,-66.4,0.574,"Low","RoundRobin",69.5,"Normal"
11.2,-78.5,0.542,"Medium","RoundRobin",58.8,"Normal"
53.4,-89,0.535,"Medium","PriorityAware",71,"Normal"
70.7,-69.3,0.364,"High","RoundRobin",94.5,"High"
55.2,-66.6,0.444,"High","WeightedFair",88.7,"High"
73.1,-83.8,0.42,"Low","PriorityAware",72.1,"Normal"
40.8,-66.9,0.579,"Low","WeightedFair",69.9,"Normal"
31.9,-82.9,0.813,"Low","WeightedFair",52.5,"Normal"
96.8,-99.1,0.681,"High","WeightedFair",104.7,"High"
75.8,-65.2,0.493,"High","PriorityAware",93.5,"High"
90,-71.9,0.808,"Low","PriorityAware",52.8,"Normal"
76,-88.9,0.39,"Low","WeightedFair",84.1,"High"
74.6,-84,0.793,"High","RoundRobin",91,"High"
31,-102.8,0.682,"Low","PriorityAware",69.2,"Normal"
55.6,-93,0.856,"Medium","PriorityAware",54.5,"Normal"
107.1,-93.9,0.465,"Low","PriorityAware",80.1,"High"
94.4,-76.1,0.849,"Medium","WeightedFair",69,"Normal"
57.5,-82.7,0.955,"Medium","WeightedFair",54.1,"Normal"
91.1,-72.8,0.961,"Medium","PriorityAware",53.8,"Normal"
68.8,-82.3,0.491,"Low","PriorityAware",54.4,"Normal"
56.7,-105.1,0.949,"Medium","RoundRobin",74.4,"Normal"
70.5,-88.1,0.862,"Medium","WeightedFair",72.1,"Normal"
72.7,-85.5,0.584,"Medium","PriorityAware",66.4,"Normal"
68.2,-85.8,0.694,"Medium","PriorityAware",61.5,"Normal"
115.4,-78.9,0.424,"Medium","RoundRobin",89.7,"High"
68.8,-86.4,0.743,"Medium","RoundRobin",86.3,"High"
85.6,-69.4,0.396,"Medium","WeightedFair",81.5,"High"
67.8,-81,0.889,"Low","RoundRobin",55.6,"Normal"
70.6,-60.4,0.709,"High","PriorityAware",56.8,"Normal"
68.8,-79.4,0.645,"Medium","WeightedFair",93.8,"High"
80.1,-95.4,0.399,"High","PriorityAware",85.8,"High"
90.9,-89.2,0.645,"High","WeightedFair",104,"High"
74.8,-77.6,0.428,"Medium","PriorityAware",68.6,"Normal"
60.1,-86.9,0.358,"Medium","RoundRobin",80.6,"High"
75.8,-74.5,0.935,"Medium","RoundRobin",60.2,"Normal"
61.2,-88.8,0.984,"Medium","RoundRobin",58.6,"Normal"
64.4,-80.4,0.763,"High","RoundRobin",76.9,"Normal"
94.7,-110.4,0.55,"Medium","WeightedFair",93.5,"High"
43.6,-93.9,0.438,"Medium","RoundRobin",98.8,"High"
70,-68.3,0.67,"Medium","PriorityAware",70.8,"Normal"
60.1,-62.9,0.789,"Low","PriorityAware",55.1,"Normal"
95.9,-70.6,0.552,"Medium","WeightedFair",85,"High"
80.6,-78.2,0.6,"Medium","RoundRobin",70.3,"Normal"
69.6,-89.2,0.503,"Low","PriorityAware",65.1,"Normal"
68.5,-81.6,0.429,"Medium","PriorityAware",74.3,"Normal"
91,-61.1,0.354,"High","PriorityAware",101.7,"High"
66.9,-99.1,0.565,"Medium","WeightedFair",78.2,"Normal"
55.2,-95.5,0.529,"Medium","WeightedFair",79.9,"Normal"
71.4,-98.3,0.593,"High","PriorityAware",75.1,"Normal"
65.3,-99,0.78,"High","RoundRobin",79.4,"Normal"
72.5,-67.1,0.566,"High","PriorityAware",77.6,"Normal"
54.4,-81.5,0.807,"Medium","WeightedFair",78.9,"Normal"
72.7,-88.9,0.608,"High","RoundRobin",90.6,"High"
74.2,-83.3,0.367,"Medium","PriorityAware",80.7,"High"
108.5,-102.5,0.839,"High","PriorityAware",88,"High"
78.8,-116.8,0.672,"Low","RoundRobin",87.8,"High"
71,-90.1,0.901,"Low","RoundRobin",73.3,"Normal"
76.2,-102,0.568,"Low","PriorityAware",68.4,"Normal"
77.4,-78.7,0.725,"Medium","WeightedFair",70.6,"Normal"
82.3,-75.5,0.606,"Medium","RoundRobin",70.6,"Normal"
66.4,-96.3,0.875,"High","RoundRobin",87.8,"High"
70.4,-81.6,0.754,"Medium","RoundRobin",73.1,"Normal"
71.2,-79.2,0.897,"High","RoundRobin",76.8,"Normal"
87.5,-83.4,0.428,"Medium","WeightedFair",88.1,"High"
76.8,-82.4,0.817,"Low","RoundRobin",68.8,"Normal"
70.9,-90.4,0.534,"Medium","RoundRobin",91.3,"High"
38.6,-76,0.953,"Medium","RoundRobin",57.2,"Normal"
76,-82,0.461,"Medium","PriorityAware",68.2,"Normal"
54.1,-107,0.96,"High","RoundRobin",89.4,"High"
62.3,-77.5,0.503,"Low","WeightedFair",77.7,"Normal"
56.1,-94.4,0.674,"Medium","PriorityAware",68.6,"Normal"
67.4,-67.1,0.908,"Medium","RoundRobin",69.5,"Normal"
93.1,-88.4,0.381,"High","RoundRobin",107,"High"
54.8,-61.3,0.391,"Medium","WeightedFair",93.8,"High"
69.3,-79.4,0.988,"Low","RoundRobin",65.6,"Normal"
93.1,-82.2,0.541,"High","RoundRobin",100.7,"High"
61.4,-89,0.682,"High","RoundRobin",83.7,"High"
55.9,-70.5,0.852,"Low","RoundRobin",70.2,"Normal"
60.9,-86,0.356,"High","PriorityAware",81.5,"High"
51.7,-86.9,0.542,"Medium","WeightedFair",82.8,"High"
58.3,-59,0.856,"High","PriorityAware",90.9,"High"
69.6,-110.8,0.622,"Low","WeightedFair",86.1,"High"
74.9,-80.5,0.899,"Medium","RoundRobin",68.3,"Normal"
41.3,-98.1,0.573,"High","PriorityAware",93.8,"High"
81,-90.2,0.818,"Medium","WeightedFair",68.6,"Normal"
72.1,-77.5,0.632,"High","WeightedFair",98,"High"
66.5,-92.1,0.617,"Low","PriorityAware",68.5,"Normal"
67.5,-108.5,0.975,"Low","RoundRobin",75.1,"Normal"
75.7,-84,0.71,"High","PriorityAware",84.9,"High"
50.3,-67.8,0.786,"Medium","WeightedFair",78.9,"Normal"
31.7,-106,0.896,"Medium","RoundRobin",68.4,"Normal"
47.7,-76.3,0.617,"Medium","PriorityAware",65.8,"Normal"
57.9,-77.1,0.439,"Medium","RoundRobin",82,"High"
59,-61.5,0.544,"Low","WeightedFair",75.8,"Normal"
46.7,-73,0.432,"Medium","WeightedFair",84.7,"High"
60.8,-88.9,0.48,"Medium","WeightedFair",80.6,"High"
89.9,-64,0.977,"Low","PriorityAware",68.6,"Normal"
36.2,-65.8,0.945,"Medium","WeightedFair",71,"Normal"
78.8,-90.4,0.517,"Low","PriorityAware",68.7,"Normal"
75.2,-72.4,0.892,"Medium","WeightedFair",61.4,"Normal"
58.9,-92.5,0.74,"Low","WeightedFair",71.8,"Normal"
60.3,-82.8,0.808,"High","RoundRobin",82.5,"High"
72.6,-89.2,0.777,"High","RoundRobin",76.4,"Normal"
64.9,-82.9,0.562,"High","PriorityAware",78,"Normal"
53.2,-75.9,0.57,"Medium","RoundRobin",77.5,"Normal"
71,-85.7,0.94,"Low","RoundRobin",66.4,"Normal"
57.9,-102.1,0.368,"Medium","PriorityAware",81.8,"High"
98.8,-72,0.501,"Medium","WeightedFair",89.1,"High"
88.5,-84.8,0.355,"Medium","PriorityAware",73.4,"Normal"
76.9,-82,0.495,"Medium","WeightedFair",75.6,"Normal"
85.8,-83.7,0.741,"Low","WeightedFair",69.6,"Normal"
98.8,-110.7,0.756,"Medium","WeightedFair",73.2,"Normal"
73.9,-66.8,0.922,"Low","PriorityAware",62,"Normal"
90.2,-86.4,0.731,"Medium","PriorityAware",66.4,"Normal"
65,-85,0.798,"Medium","PriorityAware",76.1,"Normal"
63.2,-87.5,0.711,"Low","RoundRobin",69.8,"Normal"
91.9,-92.1,0.51,"Medium","WeightedFair",87.1,"High"
55.7,-90.8,0.619,"Medium","PriorityAware",80,"High"
65.8,-72.6,0.448,"Medium","PriorityAware",65.2,"Normal"
84.4,-90.9,0.819,"Low","PriorityAware",69.3,"Normal"
60,-80.4,0.496,"Medium","WeightedFair",53,"Normal"
75.8,-72,0.689,"High","WeightedFair",91.6,"High"
73.4,-84.9,0.841,"Medium","WeightedFair",67.9,"Normal"
59.1,-86.5,0.694,"Medium","PriorityAware",63.7,"Normal"
87.4,-83.2,0.825,"Low","PriorityAware",58.4,"Normal"
87,-63,0.873,"Medium","WeightedFair",86.9,"High"
70.7,-84.8,0.573,"Medium","WeightedFair",82.8,"High"
61.6,-77.1,0.593,"Low","RoundRobin",59.9,"Normal"
42.3,-91.7,0.845,"High","WeightedFair",87.9,"High"
81.2,-80.5,0.608,"Medium","PriorityAware",56.4,"Normal"
63.2,-79.2,0.933,"Low","PriorityAware",40.1,"Normal"
50.8,-83.4,0.4,"Medium","RoundRobin",90,"High"
57.8,-77.5,0.822,"High","PriorityAware",59.9,"Normal"
82.8,-78,0.684,"High","WeightedFair",82.4,"High"
90,-89.9,0.617,"Medium","PriorityAware",72.7,"Normal"
63,-80.1,0.91,"Medium","RoundRobin",81.5,"High"
40.4,-61.8,0.544,"Medium","WeightedFair",64.1,"Normal"
80,-92.1,0.858,"High","WeightedFair",94.3,"High"
88.2,-90.3,0.415,"Low","PriorityAware",80.8,"High"
69,-72.5,0.905,"High","RoundRobin",76,"Normal"
79,-77.2,0.67,"Low","PriorityAware",59.2,"Normal"
56.2,-87.4,0.681,"High","PriorityAware",73.8,"Normal"
67.2,-76.3,0.808,"Low","RoundRobin",59.4,"Normal"
50.9,-82.3,0.714,"Medium","WeightedFair",68.2,"Normal"
67.6,-65.2,0.578,"Medium","PriorityAware",62.3,"Normal"
82.3,-79.9,0.591,"High","WeightedFair",93.8,"High"
68.7,-95.1,0.733,"Medium","RoundRobin",97.4,"High"
103.1,-103.3,0.867,"Medium","PriorityAware",89.7,"High"
96.6,-87.8,0.63,"Medium","PriorityAware",79.4,"Normal"
102.2,-96,0.496,"High","WeightedFair",91.4,"High"
75.5,-86.5,0.694,"Medium","PriorityAware",67.3,"Normal"
74.4,-91.4,0.441,"Low","RoundRobin",71.3,"Normal"
68.1,-82.6,0.581,"High","RoundRobin",94.1,"High"
75.1,-76.3,0.603,"Medium","RoundRobin",75.4,"Normal"
71,-71.6,0.452,"Medium","WeightedFair",85.6,"High"
51.1,-83.8,0.941,"Medium","WeightedFair",64.1,"Normal"
74.8,-79.6,0.949,"Medium","PriorityAware",62.6,"Normal"
33.3,-92.8,0.751,"Low","WeightedFair",63.4,"Normal"
45.4,-80.5,0.839,"Medium","RoundRobin",45.9,"Normal"
35.1,-84.9,0.92,"Low","WeightedFair",60.1,"Normal"
58.5,-88.1,0.815,"Medium","RoundRobin",65.9,"Normal"
74.6,-69.1,0.707,"Medium","PriorityAware",78,"Normal"
93.3,-68.5,0.912,"High","RoundRobin",71,"Normal"
45.7,-74.4,0.63,"High","PriorityAware",66.6,"Normal"
72.4,-98.8,0.907,"Medium","WeightedFair",77.5,"Normal"
35.4,-89.4,0.645,"Low","PriorityAware",46.7,"Normal"
63.6,-102.3,0.73,"Medium","WeightedFair",57.6,"Normal"
81.9,-89.3,0.445,"Medium","RoundRobin",76.9,"Normal"
64.1,-91.7,0.776,"Medium","WeightedFair",70.9,"Normal"
90,-75.9,0.962,"Low","PriorityAware",58.7,"Normal"
59.3,-63.3,0.414,"Medium","PriorityAware",81.1,"High"
43.4,-84.4,0.638,"High","PriorityAware",78.1,"Normal"
49.4,-94.6,0.972,"Low","PriorityAware",56.2,"Normal"
50,-75.2,0.537,"Medium","PriorityAware",39.6,"Normal"
100.2,-80.8,0.711,"High","WeightedFair",95.5,"High"
79.4,-93.7,0.915,"High","WeightedFair",79.6,"Normal"
41.3,-69.8,0.778,"Low","WeightedFair",66.2,"Normal"
87.2,-68.8,0.388,"Low","WeightedFair",66.1,"Normal"
55.1,-77,0.829,"Medium","RoundRobin",75.6,"Normal"
80.5,-70.7,0.523,"Low","PriorityAware",71.6,"Normal"
76.6,-85.5,0.514,"Low","WeightedFair",72.8,"Normal"
88.5,-83.8,0.912,"Low","PriorityAware",58.4,"Normal"
42.8,-77.6,0.472,"Medium","PriorityAware",62,"Normal"
79.2,-111.2,0.91,"Low","PriorityAware",81.5,"High"
71.5,-81.8,0.946,"Low","RoundRobin",68.3,"Normal"
77.2,-86.3,0.477,"Low","PriorityAware",61.2,"Normal"
83.7,-75.3,0.716,"Medium","PriorityAware",70.5,"Normal"
80.3,-64.8,0.572,"Medium","PriorityAware",75.1,"Normal"
96.5,-95.3,0.815,"Low","WeightedFair",79.9,"Normal"
79.6,-75.1,0.513,"Medium","WeightedFair",73.7,"Normal"
75,-90.1,0.756,"High","RoundRobin",80.1,"High"
87.4,-88.9,0.742,"Low","RoundRobin",75.1,"Normal"
80.5,-75.5,0.872,"Low","WeightedFair",63.5,"Normal"
31.6,-67.4,0.702,"Medium","PriorityAware",66.3,"Normal"
57.3,-61.7,0.706,"Low","RoundRobin",67.9,"Normal"
63.7,-68.5,0.49,"Medium","WeightedFair",85.9,"High"
60.7,-93.5,0.603,"Medium","PriorityAware",73.7,"Normal"
60.7,-87,0.924,"Medium","WeightedFair",60.8,"Normal"
67.3,-59.6,0.452,"Low","PriorityAware",72.1,"Normal"
79,-90.7,0.792,"Medium","WeightedFair",82.8,"High"
45.3,-95,0.477,"Low","RoundRobin",91.6,"High"
54,-75.7,0.625,"Medium","WeightedFair",67.8,"Normal"
94.6,-85,0.612,"Medium","RoundRobin",86.5,"High"
46,-95.3,0.604,"Medium","WeightedFair",73.3,"Normal"
55.4,-93.7,0.618,"Medium","RoundRobin",94.3,"High"
89.5,-86.5,0.392,"Medium","PriorityAware",78.5,"Normal"
59.3,-82.3,0.877,"Low","RoundRobin",56.9,"Normal"
80.8,-74.9,0.698,"Low","RoundRobin",79.6,"Normal"
75.6,-74,0.392,"Low","RoundRobin",82.1,"High"
60.8,-84.3,0.399,"High","PriorityAware",84.6,"High"
61.8,-82.5,0.76,"Medium","RoundRobin",63.6,"Normal"
46.4,-92.9,0.745,"Low","PriorityAware",75.7,"Normal"
75.2,-97.4,0.804,"Low","WeightedFair",63.9,"Normal"
40.5,-67.7,0.947,"High","RoundRobin",70.9,"Normal"
65.1,-78.1,0.436,"Medium","PriorityAware",82.1,"High"
33.2,-82.1,0.817,"Medium","PriorityAware",49.3,"Normal"
44.1,-73.8,0.41,"Medium","RoundRobin",74.4,"Normal"
54.4,-90.3,0.359,"High","RoundRobin",93,"High"
70.4,-94,0.844,"Medium","RoundRobin",83.1,"High"
96.7,-76.9,0.485,"High","RoundRobin",100.3,"High"
91.9,-75.4,0.905,"High","RoundRobin",81.9,"High"
67,-59.3,0.354,"High","RoundRobin",85,"High"
91.7,-93.9,0.805,"Medium","PriorityAware",73.8,"Normal"
68.2,-73.9,0.588,"High","WeightedFair",72.5,"Normal"
66.9,-94.9,0.778,"High","PriorityAware",66.8,"Normal"
61.9,-64.9,0.584,"Low","PriorityAware",90.4,"High"
71.9,-91.3,0.888,"Medium","WeightedFair",66.4,"Normal"
85.2,-58.7,0.981,"Medium","WeightedFair",65.7,"Normal"
74.7,-69.1,0.562,"Low","PriorityAware",64.9,"Normal"
54.5,-73.7,0.776,"Medium","RoundRobin",64.8,"Normal"
48.4,-62.9,0.535,"Medium","PriorityAware",56.1,"Normal"
68.3,-82.1,0.41,"Medium","RoundRobin",76.5,"Normal"
89.6,-79,0.974,"Low","WeightedFair",50.7,"Normal"
62.1,-97.6,0.792,"Medium","PriorityAware",87.2,"High"
97.1,-88.7,0.856,"Medium","RoundRobin",75.8,"Normal"
79.7,-92.6,0.965,"High","RoundRobin",96.1,"High"
63.4,-80,0.639,"Medium","PriorityAware",65.3,"Normal"
68.2,-81.7,0.972,"Medium","RoundRobin",80.5,"High"
69.7,-66.3,0.984,"Medium","RoundRobin",72.5,"Normal"
48.5,-66,0.779,"Medium","WeightedFair",61.3,"Normal"
107.1,-94.1,0.886,"Medium","WeightedFair",79.6,"Normal"
66.2,-69.5,0.908,"Medium","PriorityAware",71.8,"Normal"
29.6,-96.1,0.353,"High","RoundRobin",96,"High"
49,-71.9,0.54,"Medium","PriorityAware",59.3,"Normal"
96.4,-74.5,0.767,"Low","WeightedFair",60.4,"Normal"
68.4,-75.3,0.403,"Medium","RoundRobin",72.5,"Normal"
46.7,-67.9,0.373,"High","WeightedFair",95.5,"High"
54.3,-80.2,0.47,"Medium","PriorityAware",58,"Normal"
73.4,-84.9,0.434,"Medium","RoundRobin",80.9,"High"
59.7,-86.2,0.893,"High","PriorityAware",58.3,"Normal"
42.4,-63.7,0.816,"Medium","RoundRobin",68.7,"Normal"
77.1,-112.2,0.843,"Low","WeightedFair",76.8,"Normal"
28.3,-84.3,0.59,"High","WeightedFair",68.5,"Normal"
27.9,-83.4,0.727,"High","PriorityAware",59.3,"Normal"
59.7,-76,0.863,"Medium","WeightedFair",73.1,"Normal"
83.7,-76.1,0.707,"High","PriorityAware",64.3,"Normal"
58.8,-99,0.674,"Medium","RoundRobin",72.5,"Normal"
61.2,-89.3,0.495,"High","RoundRobin",93.2,"High"
69.3,-84.3,0.673,"Medium","WeightedFair",90.8,"High"
79.7,-80.4,0.369,"Medium","PriorityAware",79.7,"Normal"
78.9,-80,0.882,"Medium","RoundRobin",71.5,"Normal"
55.3,-89.7,0.74,"High","PriorityAware",75.5,"Normal"
80.5,-82.3,0.692,"Medium","RoundRobin",87.1,"High"
12.4,-99.2,0.545,"Low","WeightedFair",60.9,"Normal"
67.5,-90.4,0.547,"Medium","RoundRobin",84.4,"High"
73.2,-68.2,0.487,"High","PriorityAware",91,"High"
90.3,-88.8,0.835,"Medium","PriorityAware",64.3,"Normal"
77,-85.3,0.439,"Low","PriorityAware",69.6,"Normal"
60.8,-93.4,0.74,"Low","RoundRobin",71.1,"Normal"
34.1,-95.9,0.929,"Low","RoundRobin",63.4,"Normal"
66.7,-77.6,0.642,"Low","PriorityAware",69.2,"Normal"
62.2,-102.1,0.394,"Medium","RoundRobin",96.9,"High"
84,-85.5,0.517,"Medium","PriorityAware",84.5,"High"
70,-85.1,0.793,"High","PriorityAware",80.7,"High"
36.5,-72,0.435,"Low","PriorityAware",63.8,"Normal"
45.5,-74,0.797,"Medium","WeightedFair",58.6,"Normal"
82.8,-90.9,0.546,"Low","PriorityAware",78.3,"Normal"
90.9,-76.2,0.861,"High","WeightedFair",83.1,"High"
53.9,-73.5,0.662,"Medium","PriorityAware",60,"Normal"
71.7,-95.6,0.378,"High","PriorityAware",72.8,"Normal"
60,-99,0.617,"Medium","PriorityAware",64.7,"Normal"
65.1,-71.6,0.958,"Low","PriorityAware",51,"Normal"
80.4,-93,0.666,"Medium","PriorityAware",71.7,"Normal"
54,-82.3,0.964,"Medium","PriorityAware",54.6,"Normal"
88.5,-78.9,0.576,"Low","WeightedFair",75.1,"Normal"
64.6,-80.8,0.501,"Medium","WeightedFair",68.8,"Normal"
48.7,-86.7,0.669,"High","RoundRobin",94.8,"High"
70.4,-104.7,0.731,"High","RoundRobin",76,"Normal"
65,-109.3,0.477,"Low","WeightedFair",69.8,"Normal"
40.7,-72.4,0.984,"Medium","PriorityAware",63.5,"Normal"
75.6,-86.9,0.555,"Medium","RoundRobin",74.5,"Normal"
51.8,-63.7,0.388,"High","RoundRobin",83.3,"High"
58.2,-88.4,0.519,"High","PriorityAware",77.3,"Normal"
87.7,-69.5,0.518,"Medium","WeightedFair",86.6,"High"
88.3,-69,0.456,"Low","PriorityAware",79.6,"Normal"
42,-80.6,0.604,"Low","WeightedFair",56.7,"Normal"
66.2,-104.3,0.96,"Low","PriorityAware",66.4,"Normal"
70.3,-82.1,0.856,"High","PriorityAware",70.9,"Normal"
94.4,-85.8,0.84,"Medium","WeightedFair",85.7,"High"
72.6,-84.3,0.633,"Medium","RoundRobin",89,"High"
79,-95.9,0.806,"Medium","WeightedFair",74.4,"Normal"
49.8,-79.4,0.53,"Medium","PriorityAware",66.4,"Normal"
64.8,-82.9,0.493,"Medium","WeightedFair",67.6,"Normal"
67.5,-92.7,0.545,"Medium","WeightedFair",78.3,"Normal"
77.9,-95,0.662,"Medium","RoundRobin",94.5,"High"
34,-77,0.378,"Medium","WeightedFair",66.3,"Normal"
61.9,-77.2,0.738,"Medium","RoundRobin",77.5,"Normal"
92.3,-70.7,0.39,"Medium","WeightedFair",98.9,"High"
75.6,-79.6,0.394,"High","PriorityAware",82.4,"High"
65.6,-77,0.435,"Low","PriorityAware",54.3,"Normal"
46.6,-77,0.48,"Medium","WeightedFair",70.8,"Normal"
57.5,-55,0.981,"Medium","WeightedFair",61.8,"Normal"
76.6,-105,0.681,"Medium","RoundRobin",86.8,"High"
101.3,-68.3,0.375,"High","WeightedFair",100.5,"High"
82,-95.4,0.67,"Medium","RoundRobin",89.5,"High"
90,-64.8,0.558,"Medium","WeightedFair",78.7,"Normal"
91.3,-96.1,0.479,"Medium","PriorityAware",77.6,"Normal"
29.1,-93.7,0.636,"Medium","PriorityAware",66.7,"Normal"
69.7,-70.4,0.515,"Low","PriorityAware",71.9,"Normal"
77.6,-67.5,0.488,"Medium","RoundRobin",93.7,"High"
52.9,-59.7,0.593,"Medium","PriorityAware",77.1,"Normal"
52.8,-82.9,0.602,"Medium","PriorityAware",75.8,"Normal"
77.2,-67.5,0.865,"Medium","PriorityAware",70.8,"Normal"
69.6,-82.4,0.904,"Medium","PriorityAware",60.6,"Normal"
23.6,-79.7,0.778,"Low","WeightedFair",52.5,"Normal"
63.5,-87.2,0.446,"Low","PriorityAware",69.6,"Normal"
97.8,-81.6,0.551,"High","WeightedFair",90.9,"High"
58,-80,0.659,"Medium","RoundRobin",80.8,"High"
29.9,-66.2,0.438,"Medium","WeightedFair",65.5,"Normal"
74.8,-68.2,0.683,"High","PriorityAware",70.1,"Normal"
83.2,-68.7,0.622,"Medium","RoundRobin",71,"Normal"
91.8,-90.2,0.375,"Low","RoundRobin",83,"High"
62.3,-79.7,0.429,"Medium","WeightedFair",78.8,"Normal"
74.5,-88.7,0.884,"Low","WeightedFair",71,"Normal"
62.2,-76.4,0.559,"Low","PriorityAware",59.2,"Normal"
85.8,-92.9,0.727,"Medium","PriorityAware",72.6,"Normal"
57.7,-86.2,0.46,"High","RoundRobin",91.1,"High"
45.7,-74.7,0.447,"Low","RoundRobin",70.5,"Normal"
50.5,-62.3,0.728,"Low","WeightedFair",63.7,"Normal"
63.3,-74.8,0.414,"High","RoundRobin",93.5,"High"
108.8,-88.3,0.647,"High","RoundRobin",103.4,"High"
59.4,-104.4,0.804,"Medium","WeightedFair",76.2,"Normal"
66.2,-94.9,0.845,"High","WeightedFair",94.1,"High"
84.1,-70.9,0.424,"Low","PriorityAware",69.6,"Normal"
86.4,-80.8,0.662,"Low","RoundRobin",68.3,"Normal"
62.4,-78.5,0.672,"Medium","RoundRobin",78.9,"Normal"
89.6,-72.7,0.432,"Medium","RoundRobin",81.9,"High"
70.6,-81.2,0.936,"Low","WeightedFair",68.3,"Normal"
72.9,-80.7,0.973,"High","WeightedFair",68.5,"Normal"
62.9,-96.6,0.525,"Medium","RoundRobin",94.2,"High"
64.2,-94.5,0.434,"High","RoundRobin",95.2,"High"
62.7,-87.9,0.577,"Medium","WeightedFair",82.5,"High"
68.5,-83,0.741,"Low","RoundRobin",61.9,"Normal"
57.9,-84.6,0.476,"High","RoundRobin",83.9,"High"
50,-81.3,0.918,"Medium","PriorityAware",53,"Normal"
96.5,-81.7,0.454,"Low","WeightedFair",74.6,"Normal"
51.6,-88,0.777,"Low","RoundRobin",60.4,"Normal"
86.4,-65.5,0.478,"Medium","WeightedFair",87.7,"High"
52.6,-97.9,0.938,"Medium","WeightedFair",57.6,"Normal"
68.4,-92.6,0.858,"Low","PriorityAware",63.8,"Normal"
83.4,-80.4,0.458,"Medium","RoundRobin",94.8,"High"
81.1,-82.3,0.908,"Low","PriorityAware",53.8,"Normal"
60.6,-88.6,0.722,"Low","PriorityAware",55.5,"Normal"
96.4,-67.6,0.935,"High","RoundRobin",78.1,"Normal"
54.9,-92.3,0.439,"Medium","PriorityAware",73.6,"Normal"
55.3,-79.7,0.38,"Medium","RoundRobin",89.1,"High"
53,-79.1,0.621,"High","WeightedFair",81.2,"High"
59.7,-76.1,0.655,"Low","PriorityAware",52,"Normal"
84.2,-81.3,0.915,"High","RoundRobin",82.8,"High"
105.8,-86.3,0.475,"Medium","RoundRobin",89.3,"High"
39.3,-83.3,0.875,"Low","WeightedFair",44.1,"Normal"
71,-92.2,0.511,"Low","RoundRobin",95.8,"High"
71.6,-105.2,0.767,"Medium","WeightedFair",88.2,"High"
69.1,-89.7,0.382,"High","WeightedFair",110.6,"High"
74.2,-84.3,0.81,"Low","RoundRobin",68.5,"Normal"
63.6,-91.2,0.639,"Low","WeightedFair",67,"Normal"
44.9,-73.1,0.941,"Medium","RoundRobin",52,"Normal"
81.4,-101.3,0.369,"Medium","PriorityAware",93.6,"High"
100.3,-77.8,0.497,"Medium","WeightedFair",86,"High"
91,-99.1,0.713,"Medium","RoundRobin",93.8,"High"
47.3,-75,0.386,"Medium","WeightedFair",82.8,"High"
93.7,-61.6,0.976,"Medium","RoundRobin",75.7,"Normal"
54.7,-86,0.932,"Medium","WeightedFair",75.9,"Normal"
95,-90.4,0.397,"Medium","PriorityAware",80.2,"High"
78.1,-80.9,0.735,"Low","WeightedFair",62.6,"Normal"
80.6,-96.2,0.824,"Medium","RoundRobin",78.3,"Normal"
56.7,-99.7,0.644,"Medium","PriorityAware",73.4,"Normal"
40.3,-65.1,0.5,"Low","RoundRobin",74.9,"Normal"
80.4,-86.1,0.81,"Medium","RoundRobin",85.5,"High"
86.8,-89,0.981,"Low","PriorityAware",37.9,"Normal"
77.5,-85.9,0.389,"Medium","PriorityAware",86.8,"High"
89.5,-83.4,0.754,"High","PriorityAware",68,"Normal"
86.8,-69.1,0.479,"High","WeightedFair",92.8,"High"
85.6,-69.9,0.987,"Medium","WeightedFair",65.8,"Normal"
105.9,-82.1,0.44,"Low","RoundRobin",85.2,"High"
81.2,-80.5,0.743,"Medium","WeightedFair",83.3,"High"
44.4,-73.6,0.556,"Medium","PriorityAware",67.5,"Normal"
70.4,-71.5,0.693,"High","PriorityAware",65,"Normal"
70.9,-104.2,0.637,"High","PriorityAware",93.2,"High"
72.2,-88.4,0.558,"Low","RoundRobin",77,"Normal"
61.3,-91.3,0.613,"Medium","RoundRobin",83.7,"High"
54.8,-95.2,0.934,"High","WeightedFair",87.3,"High"
82.7,-80.2,0.432,"Medium","RoundRobin",70.4,"Normal"
49.9,-82.6,0.517,"Medium","RoundRobin",81.7,"High"
84.3,-100.8,0.493,"Low","RoundRobin",81.2,"High"
84.3,-86.7,0.767,"High","RoundRobin",92,"High"
64.4,-91.9,0.946,"High","PriorityAware",69.1,"Normal"
59.7,-88.1,0.642,"High","RoundRobin",94.2,"High"
26.2,-81.6,0.511,"High","WeightedFair",72.1,"Normal"
77.1,-77.7,0.398,"Medium","WeightedFair",90.1,"High"
66.4,-69.7,0.417,"Low","PriorityAware",57.2,"Normal"
57.1,-79.9,0.411,"High","PriorityAware",73.8,"Normal"
57.7,-55,0.585,"Medium","WeightedFair",88,"High"
69,-91.5,0.437,"Medium","RoundRobin",87.7,"High"
41.9,-89.4,0.548,"Medium","RoundRobin",64.2,"Normal"
88.9,-93.9,0.805,"High","WeightedFair",84.3,"High"
65.2,-81.3,0.402,"Medium","RoundRobin",89.1,"High"
77.9,-76.2,0.851,"Medium","PriorityAware",61.7,"Normal"
76,-78.3,0.571,"Medium","PriorityAware",79,"Normal"
71,-91.6,0.748,"High","WeightedFair",59.7,"Normal"
86.3,-69.8,0.575,"Medium","WeightedFair",92.7,"High"
64.3,-89.5,0.894,"Medium","RoundRobin",86.1,"High"
68.8,-82.7,0.805,"Medium","RoundRobin",78,"Normal"
33.8,-94.9,0.766,"Low","WeightedFair",54.5,"Normal"
66.6,-89.3,0.765,"Low","RoundRobin",76.3,"Normal"
64.9,-90.3,0.867,"Low","RoundRobin",64.4,"Normal"
63.9,-95,0.729,"Medium","PriorityAware",69.7,"Normal"
56.6,-67.2,0.629,"High","RoundRobin",82.2,"High"
64.9,-83.3,0.652,"Medium","RoundRobin",73.4,"Normal"
82.9,-73,0.376,"Medium","WeightedFair",85.3,"High"
53.2,-85.7,0.603,"Medium","RoundRobin",86.7,"High"
91.7,-68.9,0.694,"Medium","PriorityAware",74.3,"Normal"
46,-74.6,0.731,"High","PriorityAware",71.7,"Normal"
36.3,-80.5,0.5,"Medium","WeightedFair",67.6,"Normal"
77.9,-78.7,0.582,"Medium","WeightedFair",79.1,"Normal"
58.6,-68.9,0.373,"Low","WeightedFair",84.2,"High"
52.1,-80,0.48,"Medium","WeightedFair",67.5,"Normal"
75.6,-80.1,0.847,"High","RoundRobin",76.2,"Normal"
74.4,-84.6,0.833,"Medium","PriorityAware",80.7,"High"
78.5,-71.6,0.595,"High","RoundRobin",98.5,"High"
83.7,-110.8,0.745,"Low","WeightedFair",80.7,"High"
49.4,-92.8,0.512,"Low","WeightedFair",70,"Normal"
73.7,-72.2,0.564,"High","RoundRobin",88.6,"High"
69.7,-74.7,0.555,"Medium","PriorityAware",59.3,"Normal"
41.5,-78.9,0.689,"Medium","WeightedFair",64.1,"Normal"
76.9,-94.3,0.447,"Medium","WeightedFair",76,"Normal"
69.9,-84,0.668,"High","WeightedFair",86.7,"High"
68.9,-90,0.91,"High","RoundRobin",80.5,"High"
13.7,-79.4,0.548,"Medium","WeightedFair",74.2,"Normal"
77.9,-91.7,0.459,"Medium","WeightedFair",83.7,"High"
69.8,-82.8,0.648,"Medium","RoundRobin",100.7,"High"
86.3,-100.2,0.611,"Medium","WeightedFair",83.4,"High"
72.3,-79.7,0.904,"Medium","WeightedFair",62.1,"Normal"
67.4,-85.3,0.459,"Medium","WeightedFair",82.4,"High"
49.8,-72.1,0.815,"Medium","WeightedFair",74.2,"Normal"
69.8,-80.9,0.9,"Low","PriorityAware",56.7,"Normal"
83,-55.7,0.63,"High","PriorityAware",82.3,"High"
53.4,-87.5,0.49,"Low","PriorityAware",66.8,"Normal"
97.2,-94.3,0.597,"Medium","PriorityAware",84,"High"
78.1,-83.4,0.937,"Medium","RoundRobin",76.3,"Normal"
64.9,-73.2,0.863,"Medium","RoundRobin",77.7,"Normal"
23.7,-69.6,0.44,"Low","RoundRobin",65.4,"Normal"
119.3,-66.8,0.987,"High","RoundRobin",73.4,"Normal"
51.2,-79.6,0.393,"Medium","PriorityAware",66.6,"Normal"
92.9,-109.8,0.979,"Medium","RoundRobin",76.1,"Normal"
56.9,-94,0.93,"Medium","WeightedFair",73.9,"Normal"
82.6,-55,0.707,"Low","RoundRobin",68.7,"Normal"
74.5,-72.3,0.956,"Medium","RoundRobin",69.4,"Normal"
72.9,-67.5,0.828,"Low","PriorityAware",52.1,"Normal"
72.9,-100.1,0.457,"Medium","RoundRobin",88,"High"
71.4,-99,0.628,"High","RoundRobin",107.3,"High"
50.3,-103.4,0.746,"Medium","PriorityAware",77.5,"Normal"
86.7,-74,0.679,"Medium","WeightedFair",69.9,"Normal"
30.6,-77.3,0.952,"Medium","RoundRobin",67.1,"Normal"
57.6,-84.7,0.963,"Medium","PriorityAware",51.5,"Normal"
44.6,-90.9,0.48,"Medium","PriorityAware",66.8,"Normal"
74,-73.3,0.916,"Medium","PriorityAware",68.3,"Normal"
91.4,-77.4,0.472,"Medium","WeightedFair",78.5,"Normal"
89.7,-76.8,0.679,"High","PriorityAware",74.6,"Normal"
49.5,-59.2,0.594,"Medium","RoundRobin",81.1,"High"
84,-68.4,0.432,"Medium","RoundRobin",94,"High"
71.2,-95.6,0.71,"Medium","RoundRobin",76.1,"Normal"
89.3,-101,0.972,"High","RoundRobin",97.6,"High"
75.4,-69,0.928,"High","WeightedFair",83.7,"High"
69.6,-69.4,0.561,"Low","PriorityAware",61.7,"Normal"
82.4,-93.1,0.775,"Medium","PriorityAware",67,"Normal"
59.2,-77.7,0.355,"Medium","RoundRobin",83.8,"High"
64.4,-84.8,0.609,"High","PriorityAware",86.1,"High"
70,-82.4,0.587,"Medium","PriorityAware",63.3,"Normal"
24.2,-84,0.873,"Medium","PriorityAware",67.6,"Normal"
73.5,-63.9,0.502,"Medium","WeightedFair",79.2,"Normal"
50.9,-86.6,0.382,"Medium","RoundRobin",63.1,"Normal"
63.7,-107.9,0.785,"High","RoundRobin",78.2,"Normal"
92.5,-93,0.679,"Medium","WeightedFair",78,"Normal"
87,-94.2,0.889,"High","RoundRobin",75.9,"Normal"
64,-68.1,0.781,"Medium","PriorityAware",56.6,"Normal"
56.3,-110.3,0.772,"Low","PriorityAware",76,"Normal"
63.6,-91.3,0.664,"Medium","RoundRobin",81.5,"High"
67.2,-94.4,0.554,"High","PriorityAware",97.6,"High"
74.7,-90.6,0.432,"Low","PriorityAware",66.9,"Normal"
45.7,-78.1,0.89,"Medium","WeightedFair",75.1,"Normal"
71.5,-75.9,0.462,"Low","WeightedFair",85.6,"High"
69.1,-80.1,0.953,"Low","RoundRobin",60.8,"Normal"
91.7,-85.1,0.68,"High","RoundRobin",89.1,"High"
71.3,-76.7,0.677,"Low","RoundRobin",63.9,"Normal"
34,-77.4,0.454,"Low","RoundRobin",58.7,"Normal"
68,-89,0.86,"Medium","RoundRobin",75,"Normal"
28.8,-96.8,0.858,"Medium","WeightedFair",47.4,"Normal"
78,-93.4,0.429,"High","PriorityAware",90.9,"High"
65.4,-88.2,0.898,"Medium","RoundRobin",70.2,"Normal"
58.1,-80.2,0.786,"Low","PriorityAware",70.1,"Normal"
72.9,-77.3,0.648,"Medium","WeightedFair",82.6,"High"
88.9,-89,0.756,"Low","RoundRobin",66.8,"Normal"
28,-77.2,0.389,"Low","WeightedFair",87.2,"High"
78,-89.8,0.952,"Medium","PriorityAware",68.5,"Normal"
45.7,-114.3,0.564,"High","PriorityAware",96,"High"
80.8,-65.6,0.886,"Medium","PriorityAware",62.6,"Normal"
51.9,-89.8,0.526,"High","RoundRobin",98.2,"High"
58.1,-85.1,0.35,"Medium","PriorityAware",75.2,"Normal"
97.4,-101.3,0.745,"High","RoundRobin",103.8,"High"
64.9,-97.1,0.803,"High","RoundRobin",88.4,"High"
54.9,-110.8,0.906,"Low","PriorityAware",59.6,"Normal"
43.5,-80.8,0.891,"Medium","WeightedFair",66.1,"Normal"
91.3,-107.3,0.9,"Low","RoundRobin",79,"Normal"
60.1,-84.3,0.676,"Medium","PriorityAware",75.7,"Normal"
59.4,-92.8,0.978,"Medium","WeightedFair",64.9,"Normal"
73.3,-104.1,0.969,"Medium","WeightedFair",57.1,"Normal"
52.9,-79.8,0.542,"Medium","WeightedFair",74.3,"Normal"
73.5,-68,0.452,"Low","RoundRobin",74.6,"Normal"
100.4,-93.1,0.399,"Medium","RoundRobin",88.9,"High"
83.2,-85.6,0.914,"Medium","WeightedFair",69.9,"Normal"
68.1,-87.9,0.669,"Medium","RoundRobin",79.7,"Normal"
70.5,-98.9,0.726,"High","WeightedFair",96,"High"
63.6,-91.7,0.579,"Medium","WeightedFair",76.2,"Normal"
90,-64.8,0.414,"High","RoundRobin",107.7,"High"
40.1,-82.1,0.763,"Low","RoundRobin",56.7,"Normal"
45.9,-101.7,0.401,"Low","RoundRobin",72.6,"Normal"
78.6,-91.4,0.802,"Medium","WeightedFair",82.3,"High"
66.8,-103,0.506,"Low","RoundRobin",76.1,"Normal"
38.5,-81.4,0.506,"Medium","PriorityAware",57.7,"Normal"
81.6,-64.9,0.816,"Medium","WeightedFair",78.5,"Normal"
100.4,-82.7,0.44,"Medium","WeightedFair",95.8,"High"
61.4,-79.5,0.871,"High","PriorityAware",63,"Normal"
71.5,-78.5,0.512,"Medium","PriorityAware",69.8,"Normal"
83,-80.8,0.866,"Low","RoundRobin",79.7,"Normal"
72.3,-77.1,0.424,"High","PriorityAware",81.6,"High"
43.4,-75.6,0.537,"High","WeightedFair",67.9,"Normal"
97.3,-92.6,0.859,"Medium","WeightedFair",69,"Normal"
95.9,-76.9,0.81,"High","WeightedFair",79.5,"Normal"
64.7,-66.3,0.575,"High","RoundRobin",86.4,"High"
84.4,-101.9,0.368,"Medium","PriorityAware",91.2,"High"
60.4,-76.8,0.545,"High","PriorityAware",84.9,"High"
107.3,-84.5,0.509,"Medium","RoundRobin",99,"High"
85.6,-94.7,0.546,"Low","PriorityAware",75.6,"Normal"
58.7,-80.5,0.693,"Medium","RoundRobin",96.4,"High"
61.3,-93.8,0.414,"Medium","PriorityAware",76.3,"Normal"
86.6,-88,0.411,"High","RoundRobin",96.7,"High"
47,-106.5,0.652,"High","RoundRobin",85,"High"
39.1,-78.9,0.454,"Low","WeightedFair",62.1,"Normal"
43.8,-81.1,0.644,"Medium","PriorityAware",60.2,"Normal"
63.5,-82.3,0.505,"Medium","WeightedFair",82.4,"High"
93.1,-75.2,0.617,"Medium","PriorityAware",78,"Normal"
34.2,-89.8,0.357,"Medium","PriorityAware",57.8,"Normal"
66.2,-86.7,0.393,"Medium","WeightedFair",77.4,"Normal"
88.3,-99.3,0.802,"Medium","PriorityAware",80.7,"High"
101,-89.4,0.921,"High","PriorityAware",73.5,"Normal"
73.4,-81.6,0.746,"High","RoundRobin",89.6,"High"
50.1,-70.8,0.578,"Low","RoundRobin",58.3,"Normal"
48.8,-63.3,0.847,"Medium","PriorityAware",71.3,"Normal"
89.6,-77.2,0.839,"High","WeightedFair",85.8,"High"
48.2,-80.5,0.771,"Low","WeightedFair",51.1,"Normal"
79.9,-86.8,0.836,"High","PriorityAware",76.3,"Normal"
69.1,-83.8,0.735,"Low","PriorityAware",64.9,"Normal"
77.9,-94,0.861,"Medium","RoundRobin",94.3,"High"
24.3,-77.9,0.943,"High","RoundRobin",65.3,"Normal"
82.5,-87.2,0.703,"High","RoundRobin",95.6,"High"
50.8,-106,0.922,"High","RoundRobin",89.6,"High"
91.2,-91.7,0.838,"Medium","PriorityAware",76.9,"Normal"
72.8,-71.4,0.624,"Medium","WeightedFair",84.2,"High"
104.1,-84,0.617,"Medium","PriorityAware",67.8,"Normal"
49.1,-97.6,0.566,"Low","WeightedFair",76.4,"Normal"
98,-92.7,0.649,"Low","WeightedFair",82.4,"High"
70.4,-79.1,0.773,"High","WeightedFair",72.4,"Normal"
62,-70.4,0.511,"Low","RoundRobin",58,"Normal"
64.6,-74.4,0.77,"High","PriorityAware",80.6,"High"
82.4,-78,0.698,"High","PriorityAware",63.2,"Normal"
68.3,-79.3,0.719,"High","WeightedFair",82,"High"
50.1,-72,0.894,"Medium","RoundRobin",78,"Normal"
83.2,-96,0.772,"Low","WeightedFair",82.1,"High"
57.3,-77.4,0.839,"Medium","PriorityAware",60.2,"Normal"
79.6,-90.5,0.94,"Medium","RoundRobin",78.6,"Normal"
71.7,-88.3,0.86,"Medium","PriorityAware",59.9,"Normal"
72.7,-62.2,0.838,"Medium","RoundRobin",89,"High"
87.2,-80.1,0.989,"Low","RoundRobin",67.3,"Normal"
104.5,-86.8,0.56,"Low","WeightedFair",80.3,"High"
60.4,-93.2,0.959,"Low","RoundRobin",60.4,"Normal"
48.7,-79.5,0.599,"High","RoundRobin",80.5,"High"
46.3,-65.1,0.735,"Low","RoundRobin",62,"Normal"
48.9,-89,0.631,"Medium","RoundRobin",75.3,"Normal"
78.8,-80.5,0.449,"Low","RoundRobin",83.9,"High"
80.2,-98.8,0.697,"Medium","WeightedFair",84.6,"High"
94.1,-89.6,0.79,"Medium","RoundRobin",94.6,"High"
54.5,-71.5,0.525,"Medium","WeightedFair",65.3,"Normal"
74.2,-105.3,0.543,"High","WeightedFair",88.7,"High"
53.8,-73.8,0.471,"High","WeightedFair",98.5,"High"
78.9,-83.1,0.766,"Medium","WeightedFair",93.6,"High"
71.8,-59.3,0.99,"Medium","RoundRobin",72.3,"Normal"
34.6,-70.2,0.578,"Low","PriorityAware",52.3,"Normal"
87.3,-80,0.403,"Medium","PriorityAware",81.4,"High"
65.3,-97.5,0.707,"Low","PriorityAware",81.6,"High"
53.4,-83.4,0.786,"Low","WeightedFair",60.9,"Normal"
82.8,-82.9,0.827,"Low","PriorityAware",57.5,"Normal"
60.7,-72.3,0.598,"Medium","PriorityAware",64.8,"Normal"
64.7,-93.3,0.428,"High","RoundRobin",111.1,"High"
67.6,-82.5,0.54,"Medium","RoundRobin",70.9,"Normal"
64.2,-82.4,0.764,"Low","PriorityAware",61.4,"Normal"
67.8,-75.6,0.356,"Medium","RoundRobin",86.1,"High"
81.4,-82.6,0.551,"Medium","PriorityAware",59.1,"Normal"
57.4,-82.8,0.772,"Medium","WeightedFair",71.1,"Normal"
76.5,-78,0.584,"Low","WeightedFair",63.4,"Normal"
68.2,-74.8,0.497,"Medium","PriorityAware",58.2,"Normal"
65,-58.4,0.457,"Medium","PriorityAware",90,"High"
79.7,-76.9,0.807,"Low","RoundRobin",62,"Normal"
64.8,-77.5,0.648,"Medium","PriorityAware",71.5,"Normal"
57.2,-82.3,0.373,"Medium","WeightedFair",76.1,"Normal"
75.3,-100,0.962,"Medium","PriorityAware",76,"Normal"
47.1,-97.3,0.948,"High","PriorityAware",66.7,"Normal"
81.5,-84.2,0.791,"High","PriorityAware",66.3,"Normal"
64.5,-72.9,0.926,"High","RoundRobin",73.6,"Normal"
56.8,-78.1,0.582,"Low","RoundRobin",56.8,"Normal"
116.6,-91.2,0.601,"Medium","RoundRobin",74.2,"Normal"
80.1,-89,0.911,"Medium","PriorityAware",62.4,"Normal"
33,-92,0.383,"High","PriorityAware",80.4,"High"
72.7,-79.3,0.823,"High","PriorityAware",76.4,"Normal"
83.8,-100.2,0.472,"Low","PriorityAware",64.6,"Normal"
71.6,-84.2,0.877,"Low","WeightedFair",69.5,"Normal"
50.3,-75.3,0.816,"Low","WeightedFair",59.2,"Normal"
69.2,-87.8,0.74,"Medium","RoundRobin",83.1,"High"
40.2,-85.2,0.453,"Medium","RoundRobin",78.9,"Normal"
65.7,-81.2,0.876,"High","PriorityAware",73.2,"Normal"
36.3,-81.5,0.626,"High","RoundRobin",84.4,"High"
47,-84.2,0.482,"Medium","PriorityAware",73.5,"Normal"
85.2,-75.9,0.542,"High","PriorityAware",78,"Normal"
91.2,-96.7,0.393,"Low","PriorityAware",66.3,"Normal"
69,-81.9,0.852,"High","PriorityAware",65.5,"Normal"
60.7,-78.4,0.666,"Low","RoundRobin",76.1,"Normal"
84.8,-84.1,0.613,"Medium","PriorityAware",74.2,"Normal"
85.7,-81.4,0.542,"Medium","WeightedFair",88.1,"High"
51,-95,0.507,"Medium","WeightedFair",82.4,"High"
38.4,-66,0.674,"Low","PriorityAware",60,"Normal"
100.8,-96,0.558,"Medium","WeightedFair",84.4,"High"
83,-69.4,0.847,"Medium","WeightedFair",82.2,"High"
64.4,-72.5,0.394,"High","RoundRobin",85.2,"High"
57.3,-85.9,0.99,"Medium","PriorityAware",73.1,"Normal"
66.1,-68.2,0.968,"Low","RoundRobin",63.3,"Normal"
72.7,-111.8,0.782,"Low","PriorityAware",81.9,"High"
96.9,-86.8,0.96,"Low","RoundRobin",72.4,"Normal"
55.3,-71,0.861,"Medium","PriorityAware",49.1,"Normal"
78.2,-93.9,0.746,"High","RoundRobin",87.5,"High"
85.5,-66.9,0.887,"High","PriorityAware",79.9,"Normal"
118.5,-78.3,0.368,"High","PriorityAware",91.2,"High"
71.5,-78.5,0.509,"High","RoundRobin",89.1,"High"
90.2,-87.6,0.47,"Medium","WeightedFair",71.5,"Normal"
59.9,-98,0.958,"High","RoundRobin",79.9,"Normal"
51.7,-86.4,0.799,"Low","WeightedFair",85.2,"High"
44.3,-87.9,0.375,"High","RoundRobin",80.7,"High"
73.5,-78.4,0.528,"Low","RoundRobin",71.4,"Normal"
71.3,-96.8,0.626,"Medium","RoundRobin",89.3,"High"
35.7,-68.6,0.699,"High","PriorityAware",62.9,"Normal"
85.1,-91.1,0.981,"Medium","PriorityAware",66.4,"Normal"
35.5,-89,0.967,"Low","PriorityAware",60.9,"Normal"
85.3,-86,0.597,"Medium","PriorityAware",72.2,"Normal"
72.2,-77.9,0.94,"Medium","RoundRobin",69.3,"Normal"
65.9,-83.3,0.962,"Low","RoundRobin",48.8,"Normal"
73.8,-108.1,0.512,"Medium","RoundRobin",102.7,"High"
45.4,-78.1,0.853,"Low","RoundRobin",64.5,"Normal"
35.8,-67.6,0.648,"Low","RoundRobin",55.7,"Normal"
69.6,-77.1,0.385,"Medium","PriorityAware",72.1,"Normal"
70,-94.2,0.906,"Medium","RoundRobin",79.1,"Normal"
49.3,-97.8,0.624,"High","RoundRobin",100.7,"High"
65.7,-85.4,0.601,"Low","RoundRobin",72.7,"Normal"
82.3,-74.3,0.458,"Medium","WeightedFair",76,"Normal"
53.2,-82.5,0.832,"Medium","PriorityAware",58.3,"Normal"
53.2,-77.5,0.484,"Low","PriorityAware",55.1,"Normal"
31.1,-78.8,0.561,"High","WeightedFair",72.7,"Normal"
29.3,-109,0.802,"High","WeightedFair",88.8,"High"
65.9,-73,0.625,"Medium","RoundRobin",93.8,"High"
67.9,-84.1,0.903,"Medium","RoundRobin",80.1,"High"
116.5,-84.3,0.472,"Low","PriorityAware",85.9,"High"
57.2,-62.9,0.838,"Medium","WeightedFair",61.4,"Normal"
94.5,-74.5,0.424,"Low","WeightedFair",86.1,"High"
46,-82.1,0.782,"Medium","WeightedFair",71.8,"Normal"
62.2,-69.4,0.407,"Medium","WeightedFair",83.1,"High"
77,-94.4,0.46,"Low","WeightedFair",80.5,"High"
100.1,-88.7,0.771,"Medium","WeightedFair",83.4,"High"
44.7,-83.7,0.424,"Medium","PriorityAware",66.4,"Normal"
79.4,-87.3,0.697,"Medium","WeightedFair",76.5,"Normal"
36.3,-89.4,0.694,"High","RoundRobin",87.7,"High"
66.4,-89.7,0.926,"Medium","PriorityAware",68.9,"Normal"
86.8,-86.9,0.404,"Medium","RoundRobin",81.5,"High"
55.7,-86.6,0.731,"Medium","RoundRobin",73,"Normal"
82.2,-75.2,0.443,"High","PriorityAware",77.8,"Normal"
92.8,-80.7,0.691,"High","WeightedFair",83,"High"
52.3,-75.6,0.905,"Low","PriorityAware",59.8,"Normal"
102.8,-90.6,0.49,"Medium","RoundRobin",90.6,"High"
58,-89,0.678,"High","RoundRobin",85.1,"High"
48.3,-90.7,0.37,"High","RoundRobin",101.1,"High"
78.4,-99.8,0.383,"Low","RoundRobin",84,"High"
103.5,-86.1,0.822,"High","RoundRobin",94.8,"High"
68.5,-69.2,0.822,"Medium","WeightedFair",61.5,"Normal"
76.1,-76.7,0.871,"Medium","RoundRobin",71.9,"Normal"
87.4,-79.4,0.492,"Medium","PriorityAware",78.1,"Normal"
64.2,-70.9,0.85,"Medium","RoundRobin",89.4,"High"
89.3,-76.6,0.379,"High","PriorityAware",96,"High"
66,-75.3,0.914,"Medium","WeightedFair",63.1,"Normal"
65.2,-114.9,0.592,"Low","PriorityAware",81,"High"
64.7,-95.7,0.379,"Low","PriorityAware",92.2,"High"
76.4,-93.8,0.765,"Low","PriorityAware",63.7,"Normal"
94.4,-71.6,0.415,"Medium","WeightedFair",83.7,"High"
75,-71.9,0.799,"Medium","PriorityAware",66.2,"Normal"
39.7,-62.6,0.815,"Medium","WeightedFair",55.3,"Normal"
53.5,-85.9,0.794,"Medium","WeightedFair",59.7,"Normal"
78.8,-105.5,0.698,"Medium","WeightedFair",88.6,"High"
81,-80.5,0.725,"High","RoundRobin",92.3,"High"
78.4,-75,0.466,"Medium","WeightedFair",73.1,"Normal"
100.4,-85.6,0.94,"High","PriorityAware",66.1,"Normal"
68.3,-74.5,0.441,"Medium","WeightedFair",67.6,"Normal"
67.2,-90.9,0.472,"Low","WeightedFair",79.5,"Normal"
58,-87.1,0.59,"Medium","WeightedFair",95.2,"High"
82.3,-80.3,0.781,"High","WeightedFair",74,"Normal"
56.6,-85.8,0.668,"Medium","PriorityAware",61.2,"Normal"
78.4,-71.9,0.564,"Medium","RoundRobin",105,"High"
76.7,-66.9,0.394,"Low","RoundRobin",93,"High"
82.4,-81.7,0.837,"Medium","RoundRobin",71.9,"Normal"
49,-93.8,0.81,"Medium","WeightedFair",80.3,"High"
68.4,-77.3,0.903,"Medium","PriorityAware",79.1,"Normal"
91.1,-75.8,0.699,"Medium","RoundRobin",85.5,"High"
61,-70.2,0.73,"Medium","RoundRobin",72.4,"Normal"
52,-117,0.827,"High","WeightedFair",80.8,"High"
64.4,-84,0.988,"Low","PriorityAware",40.4,"Normal"
71.5,-63.3,0.729,"High","RoundRobin",101.9,"High"
38,-63,0.571,"Medium","PriorityAware",74.1,"Normal"
62.7,-87.5,0.354,"Medium","RoundRobin",91.2,"High"
74.6,-87.4,0.504,"Medium","PriorityAware",78.5,"Normal"
60.8,-89.2,0.987,"High","RoundRobin",76.7,"Normal"
76.1,-77.3,0.677,"Medium","WeightedFair",76.8,"Normal"
105.4,-78,0.73,"Medium","PriorityAware",68.8,"Normal"
40.4,-91.9,0.919,"Medium","PriorityAware",54,"Normal"
72.2,-69.1,0.921,"Low","RoundRobin",70.1,"Normal"
57,-94.7,0.503,"High","PriorityAware",87.1,"High"
41.4,-87.9,0.684,"Medium","RoundRobin",77.3,"Normal"
72.4,-62.1,0.616,"High","WeightedFair",99.6,"High"
64.9,-88.6,0.882,"Low","WeightedFair",58.6,"Normal"
79.3,-80.9,0.537,"Low","WeightedFair",70.9,"Normal"
41.7,-109.8,0.63,"Low","RoundRobin",77.2,"Normal"
78.6,-76.6,0.932,"Low","RoundRobin",73.5,"Normal"
50.9,-85.6,0.466,"Low","WeightedFair",70.5,"Normal"
41.8,-83.4,0.387,"Medium","RoundRobin",75.2,"Normal"
42.6,-85.6,0.595,"High","PriorityAware",75.4,"Normal"
33.1,-87.3,0.412,"High","PriorityAware",75.9,"Normal"
27.9,-101.1,0.767,"Medium","PriorityAware",67.7,"Normal"
72.4,-80.5,0.697,"Low","WeightedFair",69.3,"Normal"
64.5,-88.3,0.367,"High","RoundRobin",98.1,"High"
82.3,-69.8,0.827,"High","PriorityAware",46.5,"Normal"
76,-76.4,0.94,"Low","WeightedFair",59.4,"Normal"
95.8,-68.9,0.468,"Medium","RoundRobin",83.6,"High"
79.2,-102.1,0.49,"Medium","WeightedFair",91.5,"High"
87.6,-66.2,0.752,"Medium","WeightedFair",69.9,"Normal"
80.5,-89.3,0.776,"Medium","WeightedFair",76.9,"Normal"
101.8,-83.9,0.424,"High","PriorityAware",95.8,"High"
55.4,-83.2,0.382,"Medium","WeightedFair",84.8,"High"
94.9,-86.5,0.4,"Medium","RoundRobin",93.5,"High"
32.1,-95.7,0.623,"Low","PriorityAware",61.7,"Normal"
74.2,-67.6,0.615,"Medium","PriorityAware",75.2,"Normal"
92.6,-81,0.552,"Medium","PriorityAware",83.2,"High"
100.1,-90.5,0.934,"Medium","RoundRobin",71.4,"Normal"
39.5,-90.8,0.715,"High","RoundRobin",67.2,"Normal"
44.6,-90.2,0.369,"Low","PriorityAware",78.9,"Normal"
57.8,-101.1,0.643,"Low","WeightedFair",93.6,"High"
49.3,-95.6,0.431,"Medium","WeightedFair",83.6,"High"
25.9,-93.4,0.612,"Low","PriorityAware",52.5,"Normal"
70.3,-102.7,0.587,"Medium","RoundRobin",93.5,"High"
66.5,-76.2,0.942,"Low","PriorityAware",60.4,"Normal"
57.7,-73.8,0.452,"Medium","PriorityAware",85.1,"High"
68.7,-92.6,0.385,"Medium","RoundRobin",74.1,"Normal"
59.4,-95.9,0.565,"Low","WeightedFair",61,"Normal"
71.1,-69.5,0.847,"Medium","WeightedFair",76.8,"Normal"
63.3,-80.4,0.828,"Medium","RoundRobin",63.3,"Normal"
55.6,-73.8,0.972,"High","RoundRobin",85.6,"High"
62.2,-92.4,0.82,"Medium","PriorityAware",60.7,"Normal"
62.7,-90.3,0.618,"Medium","PriorityAware",80.5,"High"
23,-55,0.855,"Medium","RoundRobin",73.4,"Normal"
62.4,-90,0.822,"Medium","PriorityAware",74.8,"Normal"
63.9,-78.5,0.814,"High","RoundRobin",83.2,"High"
90.2,-85,0.5,"Medium","RoundRobin",86.6,"High"
86.2,-82.8,0.857,"High","WeightedFair",85,"High"
63.6,-90.6,0.978,"Medium","PriorityAware",49.6,"Normal"
82.8,-84.6,0.954,"Medium","WeightedFair",70.7,"Normal"
60.6,-90,0.837,"Low","WeightedFair",61.5,"Normal"
67.3,-68.3,0.488,"Low","RoundRobin",78.9,"Normal"
108.8,-78,0.633,"Medium","WeightedFair",97.2,"High"
96.8,-83.1,0.74,"Medium","WeightedFair",84.1,"High"
74.7,-76.1,0.705,"Medium","RoundRobin",81.5,"High"
46.5,-68.8,0.986,"Low","RoundRobin",67.1,"Normal"
62,-89.8,0.618,"Medium","WeightedFair",69.7,"Normal"
77.1,-65,0.402,"Low","PriorityAware",75.6,"Normal"
78.1,-82.6,0.537,"Low","WeightedFair",68.4,"Normal"
48.6,-84.8,0.451,"Low","PriorityAware",69.7,"Normal"
72.8,-99.2,0.569,"High","RoundRobin",92.5,"High"
75.8,-88.6,0.933,"Medium","RoundRobin",77.3,"Normal"
66.4,-86.8,0.71,"High","RoundRobin",84.5,"High"
72.9,-98.4,0.381,"Medium","PriorityAware",74,"Normal"
73.7,-91.3,0.736,"Low","PriorityAware",74.6,"Normal"
95.6,-83.6,0.947,"Low","WeightedFair",66,"Normal"
64.9,-80.7,0.409,"High","RoundRobin",87.4,"High"
43.9,-81.3,0.862,"High","PriorityAware",63.8,"Normal"
75.8,-73.6,0.852,"Medium","RoundRobin",71.3,"Normal"
68.8,-88.9,0.647,"Medium","RoundRobin",85,"High"
85.8,-85,0.814,"Low","PriorityAware",58.2,"Normal"
55.9,-81.6,0.433,"Medium","PriorityAware",62.6,"Normal"
65.5,-63.5,0.957,"High","PriorityAware",55.2,"Normal"
91.9,-78.2,0.976,"High","PriorityAware",77.8,"Normal"
41.8,-84.4,0.937,"Medium","RoundRobin",79.3,"Normal"
25.1,-99.1,0.886,"Low","WeightedFair",64.8,"Normal"
80.1,-89.5,0.547,"Low","PriorityAware",70.4,"Normal"
56.3,-90.7,0.499,"Low","RoundRobin",91.2,"High"
92,-83.8,0.448,"Medium","WeightedFair",85.4,"High"
40,-68,0.63,"Medium","RoundRobin",82.9,"High"
35.9,-95.1,0.829,"Medium","RoundRobin",67.7,"Normal"
67.9,-95.9,0.835,"High","RoundRobin",88.6,"High"
67.9,-84.1,0.472,"High","RoundRobin",94.4,"High"
37.1,-72.1,0.649,"Medium","PriorityAware",66.2,"Normal"
43.2,-93.9,0.456,"High","RoundRobin",86.6,"High"
74.5,-74.6,0.806,"Medium","WeightedFair",61.6,"Normal"
95.2,-84.8,0.571,"Low","WeightedFair",66.8,"Normal"
85.8,-89.7,0.989,"Low","PriorityAware",59,"Normal"
62.6,-77.6,0.725,"Medium","RoundRobin",75.2,"Normal"
70.4,-74.6,0.444,"Medium","PriorityAware",74.3,"Normal"
60.8,-76.1,0.939,"Low","PriorityAware",61.9,"Normal"
64.8,-85.1,0.479,"High","PriorityAware",82.8,"High"
69.8,-78.3,0.867,"Medium","WeightedFair",79.2,"Normal"
93.2,-94.7,0.583,"Medium","RoundRobin",84.9,"High"
42.5,-81.5,0.756,"Low","RoundRobin",48.2,"Normal"
97.5,-91.3,0.768,"Medium","PriorityAware",80.4,"High"
64.4,-82.7,0.698,"High","RoundRobin",81.3,"High"
57.7,-86.3,0.838,"Low","WeightedFair",57.1,"Normal"
50.3,-90.5,0.848,"Medium","RoundRobin",76.8,"Normal"
99.4,-88.4,0.747,"Low","RoundRobin",88.7,"High"
66.5,-92.7,0.559,"High","PriorityAware",79.9,"Normal"
77.5,-83.4,0.968,"Medium","PriorityAware",62.2,"Normal"
74.8,-66.1,0.475,"Medium","WeightedFair",76,"Normal"
62.5,-71.4,0.56,"Medium","PriorityAware",68.6,"Normal"
63.8,-95.6,0.791,"Low","WeightedFair",80.1,"High"
82.7,-105.1,0.793,"High","WeightedFair",80,"High"
52.4,-79.6,0.968,"Medium","PriorityAware",66.1,"Normal"
84.8,-99,0.916,"High","PriorityAware",87.8,"High"
71.2,-94,0.942,"Low","PriorityAware",60.3,"Normal"
74.5,-96.1,0.746,"High","PriorityAware",68,"Normal"
80.5,-80.1,0.557,"Medium","WeightedFair",73.3,"Normal"
63.9,-85.7,0.707,"Medium","RoundRobin",57.6,"Normal"
58.3,-78.8,0.453,"Medium","PriorityAware",80.8,"High"
68.4,-93.2,0.353,"Medium","RoundRobin",96.8,"High"
92.3,-105,0.728,"Medium","RoundRobin",93.2,"High"
30.1,-86.8,0.477,"Medium","PriorityAware",84.8,"High"
36,-89.6,0.621,"Medium","RoundRobin",73.9,"Normal"
62.1,-101,0.849,"Low","WeightedFair",74.2,"Normal"
36.4,-76.3,0.932,"Low","RoundRobin",57.5,"Normal"
67.1,-91.9,0.777,"High","RoundRobin",87.2,"High"
57.9,-90.2,0.525,"Medium","PriorityAware",69.2,"Normal"
69.1,-93.9,0.715,"Medium","WeightedFair",73.6,"Normal"
74.2,-82,0.408,"Low","PriorityAware",63.2,"Normal"
69.1,-92.3,0.583,"Medium","WeightedFair",88.5,"High"
74.7,-94.9,0.789,"Medium","WeightedFair",76,"Normal"
51.2,-95.6,0.932,"Low","PriorityAware",54.7,"Normal"
66.7,-76.1,0.43,"Medium","PriorityAware",71.7,"Normal"
34.4,-85.6,0.839,"Medium","RoundRobin",46,"Normal"
62.4,-92.2,0.691,"Medium","PriorityAware",68.2,"Normal"
80.8,-86.2,0.686,"High","WeightedFair",84.6,"High"
95.3,-98.1,0.462,"High","WeightedFair",110,"High"
61.1,-67.1,0.693,"Low","PriorityAware",63.6,"Normal"
83.5,-61.3,0.781,"Medium","WeightedFair",85.5,"High"
82,-85.4,0.717,"High","RoundRobin",97.3,"High"
61.4,-82.1,0.773,"High","WeightedFair",86.2,"High"
96.9,-85.2,0.755,"Medium","WeightedFair",67.5,"Normal"
89.6,-98.4,0.771,"Medium","PriorityAware",72.5,"Normal"
65.7,-98.3,0.865,"Medium","PriorityAware",66,"Normal"
78.5,-75.2,0.423,"Medium","PriorityAware",58.1,"Normal"
66.2,-86.9,0.755,"High","WeightedFair",79.1,"Normal"
85.4,-94.6,0.698,"Medium","RoundRobin",85.7,"High"
57,-85.9,0.673,"Medium","RoundRobin",78.4,"Normal"
78.2,-84,0.959,"Medium","RoundRobin",72.2,"Normal"
44.5,-77.4,0.438,"Low","WeightedFair",85,"High"
86.4,-98.9,0.776,"Medium","RoundRobin",78.9,"Normal"
91.7,-87.4,0.809,"High","RoundRobin",84.8,"High"
67.5,-85.1,0.461,"Low","RoundRobin",80,"High"
77.1,-81.8,0.622,"High","WeightedFair",87.7,"High"
97.8,-61.3,0.814,"High","RoundRobin",89.4,"High"
67.9,-79.1,0.37,"Medium","WeightedFair",81,"High"
49.8,-75.8,0.518,"Low","RoundRobin",55.9,"Normal"
66.5,-96,0.974,"High","PriorityAware",83.5,"High"
55,-75.8,0.859,"High","RoundRobin",71.6,"Normal"
63.8,-120,0.805,"High","PriorityAware",88.2,"High"
58,-82.3,0.752,"Low","WeightedFair",83.3,"High"
67.2,-92.5,0.807,"Low","RoundRobin",61.4,"Normal"
97.1,-91.9,0.756,"Low","RoundRobin",75.7,"Normal"
114.9,-80.5,0.892,"Medium","WeightedFair",86.2,"High"
61.7,-81.9,0.67,"Medium","WeightedFair",81.3,"High"
66.9,-59.2,0.459,"Medium","WeightedFair",75,"Normal"
88.9,-81.4,0.854,"Low","WeightedFair",77.9,"Normal"
85.1,-76.9,0.845,"Low","WeightedFair",85,"High"
69.6,-73.5,0.903,"Medium","PriorityAware",61.7,"Normal"
82.6,-84.1,0.76,"Medium","WeightedFair",81.7,"High"
44.6,-76,0.975,"Low","WeightedFair",52.6,"Normal"
71.7,-94.1,0.749,"Low","WeightedFair",80.7,"High"
72.8,-87.9,0.829,"High","WeightedFair",88,"High"
60.5,-86.3,0.67,"Low","RoundRobin",71.1,"Normal"
58.5,-83.8,0.597,"Low","RoundRobin",76.7,"Normal"
85.6,-108.4,0.984,"High","RoundRobin",101.1,"High"
93.1,-87.1,0.659,"High","PriorityAware",90.3,"High"
46.4,-69.9,0.454,"Low","WeightedFair",75.2,"Normal"
66.4,-75.7,0.562,"Medium","RoundRobin",78.6,"Normal"
81.9,-81.5,0.923,"High","WeightedFair",97.8,"High"
68.5,-95,0.986,"Low","PriorityAware",62.3,"Normal"
73.4,-87.2,0.948,"Medium","RoundRobin",83.1,"High"
54.5,-86.7,0.364,"High","RoundRobin",83.7,"High"
83.2,-90.6,0.483,"Low","PriorityAware",65.3,"Normal"
94.6,-80.6,0.772,"Low","PriorityAware",58.8,"Normal"
52.8,-90.9,0.947,"Medium","RoundRobin",76.5,"Normal"
89.5,-68.6,0.529,"Medium","PriorityAware",70.9,"Normal"
56.3,-77.1,0.388,"Low","WeightedFair",65.2,"Normal"
61.3,-89.5,0.918,"Low","RoundRobin",72.4,"Normal"
66.1,-83.6,0.989,"Medium","PriorityAware",67.3,"Normal"
82.7,-66.9,0.742,"Medium","RoundRobin",87,"High"
65.1,-67,0.491,"Low","WeightedFair",65.7,"Normal"
51.7,-89,0.436,"Low","WeightedFair",57.3,"Normal"
84.9,-82.5,0.543,"Medium","RoundRobin",94.7,"High"
87.1,-79.5,0.702,"Medium","WeightedFair",74.4,"Normal"
75.2,-86.3,0.415,"Medium","RoundRobin",104.4,"High"
64.4,-88.8,0.609,"High","PriorityAware",74.3,"Normal"
48.5,-88.5,0.765,"Low","WeightedFair",63.2,"Normal"
69.2,-78,0.578,"High","PriorityAware",76.6,"Normal"
66,-89.4,0.614,"Medium","PriorityAware",64.9,"Normal"
77.8,-73,0.614,"Medium","RoundRobin",88.5,"High"
53.5,-81.3,0.98,"Medium","RoundRobin",60.2,"Normal"
97.8,-87.3,0.843,"Medium","WeightedFair",76,"Normal"
61.7,-81.4,0.593,"Medium","RoundRobin",70.3,"Normal"
42.5,-87.7,0.42,"Low","PriorityAware",83.2,"High"
105.2,-86.2,0.385,"High","WeightedFair",85.6,"High"
63.1,-106.6,0.464,"Medium","RoundRobin",82.3,"High"
61.6,-86.5,0.736,"Low","PriorityAware",67,"Normal"
56.4,-74.3,0.614,"Low","WeightedFair",68.4,"Normal"
91.6,-92.7,0.792,"Low","WeightedFair",82.3,"High"
55.4,-68.9,0.358,"Low","RoundRobin",72.2,"Normal"
54.1,-73,0.484,"Medium","PriorityAware",70.9,"Normal"
60,-59.7,0.77,"High","PriorityAware",67.3,"Normal"
67.6,-80.3,0.873,"High","PriorityAware",60.1,"Normal"
85.1,-85,0.519,"Medium","PriorityAware",76.1,"Normal"
55.4,-88.4,0.36,"Medium","WeightedFair",76.9,"Normal"
86.4,-90.1,0.891,"High","PriorityAware",71.6,"Normal"
70.1,-91.6,0.751,"Low","RoundRobin",76.6,"Normal"
54.3,-73.8,0.582,"Medium","WeightedFair",64.7,"Normal"
93,-86.3,0.385,"Medium","PriorityAware",87.2,"High"
35.9,-95.4,0.586,"Low","PriorityAware",64.2,"Normal"
110.9,-84.4,0.609,"High","RoundRobin",110.4,"High"
82.6,-79.9,0.438,"Medium","WeightedFair",91.4,"High"
28.3,-79.8,0.649,"High","PriorityAware",45.7,"Normal"
64.5,-93,0.465,"Medium","WeightedFair",74.6,"Normal"
115.5,-68.5,0.363,"Medium","RoundRobin",90.8,"High"
85,-97.4,0.985,"Low","WeightedFair",76.3,"Normal"
74.5,-55,0.87,"Medium","PriorityAware",64.4,"Normal"
81.7,-90.7,0.65,"Medium","RoundRobin",84.2,"High"
13,-69.5,0.944,"Medium","RoundRobin",45.7,"Normal"
60.5,-80.2,0.603,"Low","WeightedFair",79.8,"Normal"
109.2,-105.9,0.432,"Low","WeightedFair",75.6,"Normal"
82,-84.4,0.494,"Medium","RoundRobin",68.8,"Normal"
59.7,-87.1,0.355,"Low","PriorityAware",77.8,"Normal"
97.5,-107.1,0.536,"Low","PriorityAware",87.4,"High"
66.8,-99.9,0.842,"Medium","PriorityAware",58.8,"Normal"
110.6,-62.1,0.806,"Medium","PriorityAware",66.6,"Normal"
99.8,-88,0.62,"High","PriorityAware",89.5,"High"
98.6,-80.3,0.863,"Low","RoundRobin",75.4,"Normal"
60.9,-73,0.915,"High","PriorityAware",63.8,"Normal"
37.9,-71.5,0.673,"Low","PriorityAware",61.6,"Normal"
70.6,-91.2,0.486,"Medium","RoundRobin",85.2,"High"
70.2,-79.7,0.653,"High","RoundRobin",89.1,"High"
65.1,-78.5,0.947,"Medium","PriorityAware",43.6,"Normal"
63.3,-75.8,0.649,"Low","WeightedFair",60.4,"Normal"
56.3,-94.4,0.955,"High","PriorityAware",65.9,"Normal"
51.6,-91.3,0.513,"Medium","PriorityAware",68.6,"Normal"
65.3,-75.7,0.774,"Medium","RoundRobin",68.6,"Normal"
58.5,-81.7,0.914,"Low","WeightedFair",53,"Normal"
75.9,-98.7,0.641,"Medium","RoundRobin",78.7,"Normal"
55.4,-92,0.8,"Medium","RoundRobin",80.2,"High"
35.1,-83.5,0.455,"Low","RoundRobin",88.4,"High"
55.6,-72.1,0.747,"Low","PriorityAware",49.5,"Normal"
77.2,-80.5,0.554,"Medium","WeightedFair",81.3,"High"
84.7,-80.6,0.366,"High","WeightedFair",92.2,"High"
75.9,-81,0.752,"Medium","PriorityAware",67.4,"Normal"
33.3,-85.1,0.899,"Medium","RoundRobin",68.9,"Normal"
52.6,-94.5,0.835,"Medium","RoundRobin",85.9,"High"
80,-89.6,0.368,"High","WeightedFair",91.1,"High"
62.9,-104,0.399,"High","PriorityAware",101,"High"
56,-91.7,0.914,"Medium","WeightedFair",90.6,"High"
35.4,-74.7,0.584,"High","RoundRobin",90.8,"High"
75.6,-97.4,0.359,"Medium","WeightedFair",92.2,"High"
93.3,-85.4,0.903,"High","WeightedFair",89.2,"High"
80.7,-96.5,0.512,"Medium","WeightedFair",80.8,"High"
58.8,-106.1,0.421,"High","RoundRobin",100.5,"High"
16.2,-80.5,0.712,"Medium","PriorityAware",54.5,"Normal"
48,-98.4,0.973,"Low","RoundRobin",74.3,"Normal"
82.4,-102.5,0.798,"High","PriorityAware",79.3,"Normal"
30.9,-85.7,0.604,"High","RoundRobin",92.5,"High"
68,-89.8,0.758,"Low","WeightedFair",78.5,"Normal"
61,-67.5,0.776,"Low","PriorityAware",77.8,"Normal"
60.1,-73.2,0.711,"Low","WeightedFair",72.6,"Normal"
75.7,-91.6,0.529,"Medium","PriorityAware",66.1,"Normal"
66.6,-89.3,0.458,"Low","WeightedFair",73.9,"Normal"
109.1,-101.4,0.473,"Medium","RoundRobin",88.3,"High"
63.9,-74,0.807,"Low","RoundRobin",74,"Normal"
87.8,-67.6,0.462,"Low","PriorityAware",60.6,"Normal"
87,-84.3,0.514,"Medium","RoundRobin",95.2,"High"
68.9,-101.9,0.696,"High","RoundRobin",92.1,"High"
61.8,-78.1,0.384,"Medium","WeightedFair",80.4,"High"
106.9,-75.2,0.752,"High","PriorityAware",72.9,"Normal"
86.8,-75.2,0.485,"High","PriorityAware",83.5,"High"
55.8,-101.1,0.849,"Medium","WeightedFair",82.9,"High"
91.5,-102.4,0.573,"Medium","PriorityAware",89.5,"High"
68.3,-83.6,0.359,"Medium","PriorityAware",77.3,"Normal"
72.1,-77.8,0.817,"Medium","RoundRobin",76.1,"Normal"
72.2,-86.4,0.909,"High","PriorityAware",74.9,"Normal"
75.9,-89.7,0.885,"Medium","WeightedFair",73.2,"Normal"
80.1,-81,0.594,"Medium","WeightedFair",79.1,"Normal"
68.9,-80.9,0.724,"Medium","RoundRobin",80.9,"High"
59.2,-78.8,0.592,"High","RoundRobin",79.2,"Normal"
69.1,-88.5,0.569,"Low","RoundRobin",76.7,"Normal"
40.5,-92.3,0.528,"Low","WeightedFair",63.2,"Normal"
68.7,-99.4,0.842,"Low","PriorityAware",62.8,"Normal"
47,-105.6,0.826,"Medium","RoundRobin",74.6,"Normal"
40.8,-96.1,0.871,"High","WeightedFair",81.2,"High"
78.6,-64.6,0.643,"High","RoundRobin",86.2,"High"
71.5,-74.2,0.543,"Low","RoundRobin",82.7,"High"
77.9,-73.6,0.676,"High","WeightedFair",75.9,"Normal"
79,-97,0.398,"Medium","RoundRobin",86.2,"High"
46,-81.3,0.873,"Medium","RoundRobin",69.4,"Normal"
82.7,-85.7,0.839,"Medium","RoundRobin",68,"Normal"
61.2,-88.4,0.52,"High","PriorityAware",83.6,"High"
86.9,-84.6,0.405,"Low","WeightedFair",74.1,"Normal"
65.3,-85.1,0.948,"Low","WeightedFair",64,"Normal"
44.7,-92.1,0.412,"High","RoundRobin",87.3,"High"
60.4,-86,0.756,"High","PriorityAware",75.7,"Normal"
48.2,-90.2,0.653,"Medium","WeightedFair",78.4,"Normal"
68.7,-78.1,0.609,"Medium","WeightedFair",70,"Normal"
67.5,-110.1,0.383,"Low","WeightedFair",85.2,"High"
46.6,-85.4,0.397,"Medium","PriorityAware",61.7,"Normal"
10.2,-104.2,0.566,"Medium","WeightedFair",69.9,"Normal"
38.3,-84.9,0.758,"High","WeightedFair",79.9,"Normal"
83.5,-66.9,0.508,"Low","PriorityAware",68.3,"Normal"
92.6,-64.4,0.63,"Medium","PriorityAware",63.1,"Normal"
86.9,-73,0.913,"Low","WeightedFair",66.6,"Normal"
75.7,-79.5,0.565,"Low","RoundRobin",77.4,"Normal"
74.2,-70.4,0.377,"Medium","PriorityAware",63.7,"Normal"
57.7,-68.5,0.385,"High","RoundRobin",84.3,"High"
67.7,-70.5,0.764,"Medium","RoundRobin",77.2,"Normal"
45.4,-80.2,0.923,"Medium","RoundRobin",57.8,"Normal"
56,-75.2,0.38,"Medium","RoundRobin",89.2,"High"
34.6,-69.3,0.628,"Low","WeightedFair",61.9,"Normal"
54.3,-92.4,0.677,"Medium","PriorityAware",68.6,"Normal"
94.3,-73.1,0.553,"Medium","PriorityAware",76.2,"Normal"
84.5,-83.7,0.968,"Medium","RoundRobin",65.1,"Normal"
75.2,-78.5,0.634,"Medium","RoundRobin",85.3,"High"
71.7,-85.8,0.818,"Medium","WeightedFair",75.6,"Normal"
78.1,-73.5,0.45,"Medium","WeightedFair",82.8,"High"
88.9,-77.9,0.516,"Low","RoundRobin",93,"High"
52.2,-91.2,0.911,"Low","PriorityAware",56.2,"Normal"
55.1,-62.8,0.526,"High","PriorityAware",81.2,"High"
58.1,-64.5,0.985,"Medium","RoundRobin",68.6,"Normal"
44.7,-86.2,0.933,"Medium","RoundRobin",76,"Normal"
65.7,-88.3,0.892,"Medium","RoundRobin",71.1,"Normal"
92.9,-70.8,0.459,"High","WeightedFair",89.9,"High"
47.7,-101.5,0.721,"High","RoundRobin",86.5,"High"
76.5,-91.5,0.516,"High","WeightedFair",89.4,"High"
52,-81.6,0.94,"Medium","RoundRobin",79.4,"Normal"
66,-85.9,0.845,"High","WeightedFair",75.4,"Normal"
44.5,-78,0.52,"Low","WeightedFair",71.1,"Normal"
44,-84,0.452,"Medium","PriorityAware",68.2,"Normal"
78.4,-96,0.553,"High","RoundRobin",94.8,"High"
91.7,-95.5,0.83,"High","WeightedFair",84.9,"High"
41.3,-90.5,0.872,"Medium","PriorityAware",61.4,"Normal"
98.9,-80,0.364,"Medium","PriorityAware",70.1,"Normal"
73.9,-64.5,0.867,"Medium","WeightedFair",70.5,"Normal"
30.6,-65.4,0.518,"Low","RoundRobin",68.5,"Normal"
48.5,-95.5,0.435,"Medium","WeightedFair",86.5,"High"
65.5,-88.7,0.575,"Medium","RoundRobin",82.6,"High"
63,-59.1,0.751,"Medium","WeightedFair",65.8,"Normal"
77.3,-94.4,0.441,"High","PriorityAware",90.5,"High"
51.2,-81.4,0.664,"Medium","WeightedFair",77.6,"Normal"
78.8,-73.4,0.899,"High","RoundRobin",68.7,"Normal"
59.7,-84.4,0.709,"Low","WeightedFair",63.3,"Normal"
63.6,-77.9,0.58,"Low","RoundRobin",69.1,"Normal"
71,-88,0.987,"Medium","WeightedFair",52.8,"Normal"
57.7,-74.7,0.385,"Low","WeightedFair",68.7,"Normal"
82.3,-89.4,0.915,"Medium","RoundRobin",65.8,"Normal"
74.3,-98.2,0.82,"High","WeightedFair",92.4,"High"
29.5,-77.2,0.484,"Low","RoundRobin",62.1,"Normal"
85.4,-74,0.553,"Medium","PriorityAware",82,"High"
49.4,-90.3,0.775,"High","WeightedFair",94.5,"High"
45.2,-79.9,0.396,"Medium","PriorityAware",59,"Normal"
39,-84.7,0.531,"High","WeightedFair",72.9,"Normal"
53.9,-87,0.455,"Medium","RoundRobin",89.6,"High"
38.1,-79.8,0.686,"Medium","PriorityAware",54.6,"Normal"
58.3,-74,0.767,"Medium","RoundRobin",79.6,"Normal"
59,-92.9,0.38,"Low","RoundRobin",74.7,"Normal"
42.4,-71.9,0.667,"Low","RoundRobin",62.2,"Normal"
53.8,-88.6,0.541,"Medium","WeightedFair",87.1,"High"
50,-83.9,0.464,"High","WeightedFair",84.8,"High"
82,-82,0.613,"Low","WeightedFair",69.1,"Normal"
75.3,-100,0.915,"Medium","RoundRobin",67.4,"Normal"
79.7,-73.2,0.918,"High","PriorityAware",65.9,"Normal"
84.7,-91.3,0.883,"Low","PriorityAware",64.3,"Normal"
55.3,-75.1,0.365,"Low","RoundRobin",78.2,"Normal"
82.9,-79.2,0.905,"Low","WeightedFair",76,"Normal"
56.6,-103.2,0.968,"Low","PriorityAware",47.4,"Normal"
52.7,-63.2,0.81,"Low","WeightedFair",64.5,"Normal"
41.1,-85.1,0.733,"Medium","WeightedFair",71.2,"Normal"
48,-68.1,0.396,"Medium","RoundRobin",90.5,"High"
38,-66.4,0.36,"Medium","RoundRobin",83.5,"High"
64.5,-59.1,0.496,"Medium","WeightedFair",84.3,"High"
75.7,-84.7,0.41,"Medium","PriorityAware",74,"Normal"
55,-89.5,0.362,"Medium","PriorityAware",82.7,"High"
73.5,-88.3,0.839,"Medium","PriorityAware",75.8,"Normal"
62.5,-109.3,0.661,"High","RoundRobin",83.9,"High"
77.4,-72.1,0.981,"Medium","PriorityAware",57.9,"Normal"
56.4,-93.5,0.691,"Medium","WeightedFair",72.2,"Normal"
79.6,-100.5,0.547,"Low","PriorityAware",93.2,"High"
30.8,-76.6,0.873,"High","WeightedFair",74.8,"Normal"
75.5,-87.8,0.418,"Medium","PriorityAware",80.7,"High"
74.2,-91.5,0.598,"Low","RoundRobin",88.6,"High"
80.1,-85.6,0.45,"Medium","PriorityAware",87.9,"High"
63.6,-67.3,0.786,"Medium","WeightedFair",84,"High"
49.7,-83.9,0.821,"High","WeightedFair",68,"Normal"
99,-76.2,0.502,"High","RoundRobin",92.4,"High"
69.9,-61.6,0.685,"Medium","RoundRobin",87.3,"High"
75.2,-99.7,0.764,"Low","WeightedFair",71.1,"Normal"
70.1,-67.6,0.871,"Medium","WeightedFair",86.6,"High"
81.9,-89.2,0.399,"Low","RoundRobin",74.3,"Normal"
50.4,-61.9,0.681,"Medium","RoundRobin",75.8,"Normal"
81.9,-81.4,0.697,"High","PriorityAware",86.5,"High"
64.4,-88.3,0.987,"Low","PriorityAware",60.5,"Normal"
66.8,-96.4,0.372,"Medium","PriorityAware",81.5,"High"
71.7,-91,0.834,"High","PriorityAware",79.3,"Normal"
70.4,-99.4,0.54,"Medium","RoundRobin",85.9,"High"
24.8,-101.3,0.874,"High","RoundRobin",71.2,"Normal"
61.4,-82.2,0.837,"Low","WeightedFair",65.8,"Normal"
119,-97.1,0.792,"Medium","RoundRobin",87,"High"
76.2,-84.7,0.979,"High","WeightedFair",83.3,"High"
91.5,-93.4,0.774,"Medium","WeightedFair",76.8,"Normal"
50.3,-86.4,0.549,"Medium","RoundRobin",83.5,"High"
68,-95.3,0.836,"Low","PriorityAware",66.7,"Normal"
58.5,-87,0.528,"Medium","RoundRobin",86.9,"High"
73.3,-90.1,0.679,"Medium","PriorityAware",64.3,"Normal"
74.5,-85.2,0.969,"Medium","RoundRobin",62.8,"Normal"
55.6,-89.4,0.944,"Medium","RoundRobin",67.6,"Normal"
81.6,-68.2,0.421,"Medium","PriorityAware",74.7,"Normal"
98.7,-102.8,0.964,"High","WeightedFair",89.8,"High"
84.8,-102.4,0.78,"High","RoundRobin",101,"High"
63.6,-73.5,0.516,"Medium","PriorityAware",66.9,"Normal"
95.7,-100.2,0.388,"Medium","PriorityAware",94.4,"High"
65,-90.6,0.973,"Low","PriorityAware",46,"Normal"
80.4,-84.6,0.546,"Medium","RoundRobin",90.9,"High"
87.7,-84.3,0.961,"Low","RoundRobin",70.6,"Normal"
45.1,-95.3,0.672,"Medium","RoundRobin",80.7,"High"
26,-85.3,0.705,"Low","RoundRobin",68.8,"Normal"
89.5,-65.6,0.384,"Low","RoundRobin",78.1,"Normal"
79.5,-70.1,0.473,"Medium","RoundRobin",84.4,"High"
56.3,-87.3,0.598,"High","RoundRobin",92.3,"High"
87.4,-78.9,0.607,"Medium","RoundRobin",79.2,"Normal"
56.8,-82.9,0.831,"Medium","WeightedFair",69.4,"Normal"
70.9,-75.1,0.878,"Medium","RoundRobin",72.2,"Normal"
81.4,-85.5,0.827,"Medium","WeightedFair",77.8,"Normal"
54.7,-89.9,0.694,"Medium","PriorityAware",51.2,"Normal"
80.4,-73,0.635,"Medium","RoundRobin",93.5,"High"
48.4,-70.9,0.546,"Medium","RoundRobin",78,"Normal"
70.2,-77.9,0.434,"High","PriorityAware",90,"High"
41.6,-83.4,0.754,"High","PriorityAware",66.5,"Normal"
57,-105.7,0.922,"Medium","PriorityAware",68.2,"Normal"
75.5,-72.7,0.569,"Medium","RoundRobin",75.5,"Normal"
72.1,-93.4,0.721,"Medium","RoundRobin",95.1,"High"
68.8,-56.6,0.903,"Low","WeightedFair",69.4,"Normal"
50,-91.2,0.753,"Low","RoundRobin",74.9,"Normal"
63.4,-78.5,0.609,"High","WeightedFair",84.5,"High"
76.3,-78.9,0.664,"Medium","PriorityAware",77,"Normal"
86.3,-79.4,0.842,"High","RoundRobin",69.3,"Normal"
76.8,-84.9,0.821,"Medium","WeightedFair",75.2,"Normal"
57.1,-78,0.419,"High","RoundRobin",90.1,"High"
78.2,-88.5,0.632,"Medium","RoundRobin",87.3,"High"
76.4,-94.2,0.88,"Low","PriorityAware",75.6,"Normal"
47.9,-81,0.656,"Medium","RoundRobin",67.2,"Normal"
75.2,-76.5,0.688,"High","PriorityAware",83.3,"High"
52.3,-76.5,0.75,"Medium","WeightedFair",57.3,"Normal"
57.1,-82.8,0.645,"Low","RoundRobin",77.3,"Normal"
80.7,-74.7,0.842,"Medium","PriorityAware",51.2,"Normal"
76.2,-91.7,0.676,"Low","WeightedFair",76.6,"Normal"
66.6,-85.7,0.453,"Low","RoundRobin",65.7,"Normal"
61.6,-88.8,0.616,"Low","RoundRobin",80.4,"High"
91,-96.4,0.561,"Medium","WeightedFair",83.5,"High"
55.4,-73.5,0.717,"High","WeightedFair",90.9,"High"
45.5,-86.8,0.775,"Medium","WeightedFair",55.9,"Normal"
70.4,-74,0.407,"Medium","WeightedFair",65.6,"Normal"
55.4,-72.2,0.653,"Medium","PriorityAware",75.8,"Normal"
58.3,-78.2,0.8,"Low","WeightedFair",54.7,"Normal"
83,-81.5,0.493,"High","WeightedFair",93.6,"High"
94.2,-79.2,0.628,"Low","RoundRobin",90.3,"High"
70.2,-81.1,0.802,"Medium","PriorityAware",67.1,"Normal"
87,-110.9,0.531,"Medium","WeightedFair",91.5,"High"
44.7,-55.1,0.824,"Medium","PriorityAware",46.1,"Normal"
42.8,-91.1,0.71,"Low","WeightedFair",56.3,"Normal"
78.6,-74.3,0.539,"Medium","PriorityAware",61.3,"Normal"
57.7,-90.4,0.793,"Low","RoundRobin",61.3,"Normal"
76.3,-89.3,0.769,"Low","PriorityAware",82,"High"
85,-69.4,0.838,"Medium","PriorityAware",63,"Normal"
72.5,-96.8,0.923,"Medium","RoundRobin",80.9,"High"
54.7,-59.6,0.426,"High","RoundRobin",86.4,"High"
86.2,-84,0.361,"High","RoundRobin",100.3,"High"
89.4,-84.1,0.643,"High","PriorityAware",79.8,"Normal"
75.8,-106.5,0.935,"High","WeightedFair",95.9,"High"
87.9,-84.3,0.943,"Medium","PriorityAware",65.7,"Normal"
63.3,-99.2,0.962,"Low","RoundRobin",69.8,"Normal"
64.1,-90.6,0.595,"Medium","RoundRobin",59.5,"Normal"
80.7,-96.8,0.757,"High","PriorityAware",84.7,"High"
42.7,-102.2,0.394,"Medium","WeightedFair",90.1,"High"
41.3,-88.1,0.732,"Low","RoundRobin",66.4,"Normal"
34.6,-107.5,0.634,"High","RoundRobin",94.9,"High"
85.1,-68.9,0.831,"High","WeightedFair",81.9,"High"
58.9,-100.2,0.966,"Medium","WeightedFair",77.8,"Normal"
38.1,-71.5,0.467,"High","RoundRobin",81.5,"High"
56.1,-74.7,0.911,"High","PriorityAware",72,"Normal"
97.7,-73.4,0.471,"Medium","RoundRobin",87.3,"High"
56.5,-84.3,0.568,"Medium","RoundRobin",83.4,"High"
86.3,-60.8,0.432,"Medium","WeightedFair",72.7,"Normal"
43.5,-70.6,0.966,"Medium","WeightedFair",50.1,"Normal"
107.6,-69,0.64,"Low","RoundRobin",68.7,"Normal"
59.9,-94.1,0.377,"Medium","PriorityAware",69,"Normal"
88.4,-94.7,0.663,"Medium","WeightedFair",94.8,"High"
108.4,-76.7,0.487,"Low","WeightedFair",84.8,"High"
120.3,-88.8,0.902,"Medium","RoundRobin",95.1,"High"
55,-94.1,0.717,"Medium","WeightedFair",71.9,"Normal"
62,-64.2,0.575,"Medium","PriorityAware",72.5,"Normal"
61.6,-97.6,0.608,"High","WeightedFair",85.1,"High"
72.2,-88.6,0.977,"Low","PriorityAware",46.5,"Normal"
50.7,-72,0.616,"Medium","RoundRobin",80.5,"High"
48.8,-74.5,0.54,"Medium","PriorityAware",69.6,"Normal"
64.8,-89,0.981,"Medium","RoundRobin",76.2,"Normal"
74.4,-81,0.742,"Low","PriorityAware",49.6,"Normal"
72.8,-76.9,0.397,"Low","WeightedFair",64.6,"Normal"
82.1,-90.3,0.737,"Medium","RoundRobin",73.7,"Normal"
76.5,-80.4,0.482,"Low","PriorityAware",66.1,"Normal"
56.9,-77.5,0.701,"Medium","WeightedFair",61.3,"Normal"
77.4,-87,0.868,"Medium","RoundRobin",67.4,"Normal"
113.1,-63.5,0.449,"Medium","WeightedFair",90.7,"High"
48.6,-104.7,0.882,"Medium","PriorityAware",73.7,"Normal"
45.8,-74.4,0.554,"Low","PriorityAware",53.4,"Normal"
68.3,-89.6,0.669,"Low","PriorityAware",57.2,"Normal"
70.3,-87.4,0.692,"Low","PriorityAware",68.6,"Normal"
80.1,-55,0.627,"Medium","PriorityAware",67,"Normal"
23.7,-90.7,0.947,"Low","RoundRobin",73.9,"Normal"
61.1,-95,0.838,"Medium","PriorityAware",53.2,"Normal"
70.6,-71.8,0.518,"Medium","RoundRobin",82.8,"High"
81.1,-68.8,0.672,"Low","PriorityAware",57.8,"Normal"
66.3,-82.5,0.947,"High","WeightedFair",64.2,"Normal"
64.7,-99.5,0.858,"Medium","WeightedFair",71.7,"Normal"
83.6,-81.4,0.641,"Medium","PriorityAware",74.6,"Normal"
57.6,-91.6,0.463,"High","RoundRobin",90.4,"High"
63.8,-77.6,0.895,"High","RoundRobin",80.8,"High"
49.7,-63.1,0.682,"Medium","WeightedFair",68.3,"Normal"
75.1,-88.6,0.473,"Medium","PriorityAware",81.3,"High"
47.4,-86.3,0.624,"Medium","WeightedFair",76.6,"Normal"
37.5,-75.5,0.694,"Low","PriorityAware",47,"Normal"
58.6,-90.9,0.547,"Low","RoundRobin",74.3,"Normal"
72,-81.9,0.368,"Low","RoundRobin",71,"Normal"
72.2,-81.7,0.915,"Medium","RoundRobin",76,"Normal"
61.5,-75.2,0.965,"Medium","WeightedFair",61.9,"Normal"
66.9,-107.7,0.532,"Medium","WeightedFair",88.2,"High"
43.9,-84.5,0.976,"Medium","PriorityAware",60,"Normal"
72.9,-81.4,0.863,"High","PriorityAware",74.3,"Normal"
68.5,-81.2,0.572,"Low","RoundRobin",78.9,"Normal"
79.4,-77.2,0.393,"Medium","RoundRobin",64.3,"Normal"
97.2,-93.7,0.859,"Medium","RoundRobin",88,"High"
109.1,-80.9,0.454,"Medium","WeightedFair",79.1,"Normal"
93.8,-88.5,0.464,"Medium","WeightedFair",92.7,"High"
77.2,-74.5,0.482,"High","WeightedFair",82.2,"High"
57.2,-98.8,0.458,"High","WeightedFair",81.9,"High"
74.3,-86.8,0.626,"Medium","WeightedFair",70.9,"Normal"
65.3,-81.4,0.549,"Low","RoundRobin",69.5,"Normal"
34,-86.7,0.879,"Low","WeightedFair",53.8,"Normal"
44.2,-84.1,0.779,"Low","RoundRobin",54.3,"Normal"
68.2,-59.9,0.618,"Low","PriorityAware",57.6,"Normal"
65.9,-87.8,0.381,"Low","PriorityAware",65,"Normal"
44.2,-56.9,0.733,"Medium","WeightedFair",80.6,"High"
53.6,-86.2,0.531,"Medium","RoundRobin",92.4,"High"
38.5,-87.2,0.63,"Medium","RoundRobin",68.2,"Normal"
51.6,-96.4,0.6,"High","RoundRobin",95.1,"High"
89.4,-100.7,0.407,"Medium","RoundRobin",98.1,"High"
108.4,-82.6,0.365,"Medium","PriorityAware",90.7,"High"
70,-89.6,0.921,"High","PriorityAware",73,"Normal"
59.6,-75.2,0.857,"Medium","PriorityAware",59.2,"Normal"
50.3,-82.8,0.589,"High","PriorityAware",86.7,"High"
60.2,-97.8,0.613,"High","WeightedFair",91.3,"High"
69.4,-94.9,0.874,"Medium","PriorityAware",72.3,"Normal"
74.4,-88.3,0.672,"Medium","RoundRobin",80.3,"High"
57.2,-69.4,0.715,"Low","WeightedFair",59.9,"Normal"
72.3,-86.1,0.893,"Medium","PriorityAware",61.4,"Normal"
68.2,-73.7,0.729,"High","PriorityAware",65.2,"Normal"
38.5,-80.1,0.382,"Medium","PriorityAware",80.1,"High"
76.1,-73.1,0.622,"Medium","RoundRobin",74.8,"Normal"
51.5,-85.2,0.511,"Medium","RoundRobin",87.4,"High"
69.8,-86.5,0.862,"Low","RoundRobin",64.6,"Normal"
59.5,-59.7,0.775,"Medium","WeightedFair",69.2,"Normal"
50,-92.4,0.719,"Medium","PriorityAware",67.5,"Normal"
64,-99.5,0.696,"Medium","WeightedFair",75.8,"Normal"
51.5,-81.7,0.402,"Low","WeightedFair",65.7,"Normal"
82.1,-78.6,0.414,"Low","WeightedFair",67.5,"Normal"
103.1,-71.5,0.362,"High","WeightedFair",90.8,"High"
66.6,-93,0.866,"Medium","RoundRobin",79.8,"Normal"
45.8,-71.1,0.379,"Low","WeightedFair",79.3,"Normal"
79.5,-87.7,0.366,"Medium","RoundRobin",97.7,"High"
73.3,-75.8,0.777,"Low","RoundRobin",71.7,"Normal"
83.3,-82.2,0.89,"Low","RoundRobin",75,"Normal"
86.4,-71.7,0.962,"High","WeightedFair",78.4,"Normal"
76.6,-72.8,0.694,"Medium","RoundRobin",74.2,"Normal"
46.5,-71.5,0.671,"Low","RoundRobin",70.7,"Normal"
60.3,-83.3,0.598,"Low","PriorityAware",63.6,"Normal"
69.5,-83.2,0.833,"High","RoundRobin",86.7,"High"
66.1,-76.6,0.945,"Medium","WeightedFair",73.9,"Normal"
34.9,-90.7,0.623,"Low","WeightedFair",54.6,"Normal"
67,-95.8,0.621,"Medium","PriorityAware",86,"High"
72.3,-69.5,0.905,"Low","RoundRobin",79.3,"Normal"
103,-79.5,0.946,"Medium","WeightedFair",71.4,"Normal"
30.9,-87.1,0.919,"Low","WeightedFair",43.4,"Normal"
90.6,-97.7,0.529,"Low","PriorityAware",85.4,"High"
81.7,-73.8,0.554,"Medium","PriorityAware",72.3,"Normal"
55.8,-77.5,0.8,"High","WeightedFair",70.2,"Normal"
79.3,-78.4,0.735,"Medium","WeightedFair",70.5,"Normal"
75.9,-99.3,0.405,"Low","PriorityAware",81.8,"High"
42.8,-89.3,0.791,"High","PriorityAware",55.4,"Normal"
52.2,-78.3,0.453,"High","WeightedFair",78.6,"Normal"
66.8,-97,0.437,"Medium","RoundRobin",72,"Normal"
73.3,-81.2,0.551,"Low","WeightedFair",84.6,"High"
38.8,-100.5,0.738,"High","WeightedFair",83.7,"High"
64.7,-83,0.727,"Medium","PriorityAware",68.2,"Normal"
67.4,-72.8,0.435,"Medium","PriorityAware",76.8,"Normal"
91.5,-78.7,0.485,"Medium","PriorityAware",83.8,"High"
61.1,-81.3,0.385,"Medium","WeightedFair",77.7,"Normal"
99.4,-93.5,0.629,"High","PriorityAware",91.8,"High"
69.6,-79,0.387,"High","PriorityAware",84.9,"High"
48.3,-73.8,0.805,"Low","RoundRobin",69.3,"Normal"
82.7,-91.1,0.897,"High","PriorityAware",71.3,"Normal"
62.2,-81,0.75,"Medium","WeightedFair",58.8,"Normal"
84.3,-66.3,0.642,"Low","WeightedFair",76.3,"Normal"
70,-60.2,0.67,"High","WeightedFair",91.7,"High"
68.7,-91.1,0.742,"Medium","PriorityAware",67,"Normal"
56.5,-80.5,0.583,"High","WeightedFair",74,"Normal"
68.7,-73.5,0.404,"Low","WeightedFair",71.3,"Normal"
85.8,-94.4,0.529,"Medium","RoundRobin",94.1,"High"
82.7,-97.6,0.745,"Low","RoundRobin",72.1,"Normal"
109.3,-80.2,0.559,"Medium","PriorityAware",82.9,"High"
74.5,-96.2,0.508,"Medium","WeightedFair",91.6,"High"
58.2,-89.3,0.551,"Medium","RoundRobin",76.9,"Normal"
67.3,-80.6,0.576,"Low","RoundRobin",79.8,"Normal"
76.7,-105.7,0.412,"Medium","PriorityAware",82.6,"High"
69.5,-91.1,0.9,"High","RoundRobin",77.9,"Normal"
59.4,-90.5,0.479,"High","WeightedFair",94.9,"High"
65.3,-69.3,0.35,"High","PriorityAware",75.6,"Normal"
44.9,-82.2,0.764,"High","PriorityAware",71.7,"Normal"
40.8,-93.6,0.718,"Low","PriorityAware",60.5,"Normal"
83.3,-58.5,0.567,"Low","RoundRobin",84.7,"High"
45.5,-95.9,0.935,"High","PriorityAware",56.2,"Normal"
88.9,-80.8,0.591,"Medium","RoundRobin",92.8,"High"
72.5,-85.5,0.471,"High","RoundRobin",93.5,"High"
57.4,-74.9,0.504,"Low","RoundRobin",62.9,"Normal"
42.5,-96.2,0.912,"High","RoundRobin",78.9,"Normal"
72.7,-90.5,0.708,"Low","RoundRobin",65.3,"Normal"
68.2,-75.3,0.599,"Medium","RoundRobin",77.5,"Normal"
79.5,-101.7,0.665,"High","PriorityAware",76.4,"Normal"
90.8,-98.3,0.692,"Medium","PriorityAware",68.1,"Normal"
58.4,-99.1,0.44,"High","RoundRobin",93.3,"High"
74.4,-81.8,0.381,"Low","RoundRobin",72.6,"Normal"
23.7,-75.4,0.447,"High","WeightedFair",71.9,"Normal"
105.1,-67.6,0.358,"Medium","RoundRobin",88.3,"High"
74.3,-84,0.511,"Medium","WeightedFair",80.1,"High"
63.2,-82.3,0.402,"High","RoundRobin",85.3,"High"
64.4,-73.1,0.798,"Medium","WeightedFair",54.5,"Normal"
86.3,-88.3,0.364,"Medium","PriorityAware",82.1,"High"
90,-90.1,0.771,"High","RoundRobin",88.1,"High"
99.8,-96,0.406,"Low","WeightedFair",79.2,"Normal"
65.4,-58,0.916,"Low","PriorityAware",52.7,"Normal"
49.6,-76.3,0.615,"Medium","PriorityAware",63.7,"Normal"
52.5,-67.3,0.547,"High","WeightedFair",92.3,"High"
53.6,-75.7,0.847,"Medium","WeightedFair",48.8,"Normal"
63.1,-92.4,0.775,"Low","WeightedFair",62.7,"Normal"
45.2,-58.1,0.577,"Medium","WeightedFair",80,"High"
103.1,-92.3,0.697,"High","WeightedFair",92.1,"High"
85.7,-85.6,0.726,"High","WeightedFair",80.6,"High"
71.2,-103.7,0.894,"High","RoundRobin",78.8,"Normal"
56.9,-75.1,0.531,"Low","PriorityAware",57.7,"Normal"
60.8,-73.7,0.465,"High","WeightedFair",72,"Normal"
45.4,-104.1,0.454,"Medium","PriorityAware",77.1,"Normal"
87.6,-92.2,0.823,"Low","PriorityAware",66.7,"Normal"
54.5,-84.5,0.382,"High","WeightedFair",89,"High"
92.6,-74.8,0.509,"High","RoundRobin",88.8,"High"
83.8,-70.4,0.986,"Medium","PriorityAware",71.5,"Normal"
76.9,-67.8,0.546,"High","RoundRobin",96,"High"
72.5,-81.5,0.802,"High","RoundRobin",74.5,"Normal"
51,-99.2,0.384,"Low","PriorityAware",59.7,"Normal"
55.4,-95,0.945,"Medium","PriorityAware",68,"Normal"
71.8,-95,0.365,"Medium","RoundRobin",101.8,"High"
77,-91.7,0.519,"Medium","RoundRobin",80.1,"High"
73.1,-77.8,0.677,"Medium","PriorityAware",59.8,"Normal"
71.3,-56.7,0.723,"Medium","RoundRobin",85.4,"High"
76.2,-79.6,0.929,"Medium","RoundRobin",70.5,"Normal"
60.2,-63,0.71,"Medium","RoundRobin",81.3,"High"
53.3,-87.7,0.795,"Medium","WeightedFair",65.1,"Normal"
108.1,-79.9,0.61,"Low","PriorityAware",84.7,"High"
35.6,-74.9,0.777,"Medium","RoundRobin",78.1,"Normal"
51.3,-105.9,0.828,"Low","WeightedFair",88.6,"High"
35.5,-97.4,0.799,"High","WeightedFair",87,"High"
95,-88.5,0.429,"Low","RoundRobin",71.9,"Normal"
44.8,-77.5,0.902,"Medium","RoundRobin",60.6,"Normal"
37.9,-88.5,0.594,"Low","WeightedFair",70,"Normal"
83.1,-72.4,0.43,"Medium","WeightedFair",65.4,"Normal"
75.5,-75.5,0.746,"High","PriorityAware",76.9,"Normal"
98.6,-82.7,0.375,"Low","WeightedFair",80.7,"High"
43.6,-84.6,0.886,"Medium","WeightedFair",59.7,"Normal"
73.2,-82.4,0.549,"High","RoundRobin",96.2,"High"
93.8,-68.6,0.75,"Medium","PriorityAware",67.5,"Normal"
85,-82.6,0.827,"Low","RoundRobin",85.7,"High"
42.3,-78.5,0.64,"Medium","RoundRobin",76,"Normal"
66.8,-62,0.717,"Medium","PriorityAware",63.9,"Normal"
80.6,-73.9,0.916,"High","PriorityAware",53.7,"Normal"
61.5,-84.4,0.411,"High","WeightedFair",94.6,"High"
97.8,-96.4,0.911,"Low","PriorityAware",68.5,"Normal"
73.1,-79.4,0.554,"Medium","WeightedFair",87.4,"High"
69.3,-71.8,0.657,"Low","RoundRobin",54.5,"Normal"
87.2,-102.7,0.463,"Medium","RoundRobin",94.6,"High"
96.8,-81,0.672,"High","RoundRobin",90.6,"High"
62.3,-83.9,0.861,"Low","PriorityAware",56.9,"Normal"
55.3,-70.7,0.976,"Low","WeightedFair",54.1,"Normal"
51.8,-77.3,0.696,"High","RoundRobin",93.6,"High"
42.3,-90.5,0.89,"Low","PriorityAware",56.6,"Normal"
56.2,-88.3,0.359,"Low","RoundRobin",83.2,"High"
67.3,-75.6,0.446,"Medium","WeightedFair",66.9,"Normal"
51.5,-77.8,0.591,"High","WeightedFair",86.1,"High"
107.2,-100.4,0.637,"Medium","WeightedFair",76.7,"Normal"
77.1,-78.7,0.484,"Low","PriorityAware",67.7,"Normal"
63.6,-82.2,0.782,"High","WeightedFair",77.3,"Normal"
61.5,-84.9,0.491,"Medium","PriorityAware",68.8,"Normal"
57.2,-80.2,0.864,"Low","RoundRobin",63.3,"Normal"
74.7,-87.8,0.673,"Low","WeightedFair",72.2,"Normal"
72.7,-77.3,0.558,"High","PriorityAware",87.6,"High"
95.2,-99.7,0.675,"Medium","PriorityAware",79.6,"Normal"
103.9,-94.7,0.67,"Medium","PriorityAware",71.8,"Normal"
91.6,-80.7,0.868,"Medium","RoundRobin",78.6,"Normal"
75,-74.6,0.514,"High","PriorityAware",91.8,"High"
80.7,-79.5,0.937,"High","RoundRobin",91.8,"High"
95.7,-73.5,0.821,"Low","WeightedFair",63.9,"Normal"
46.4,-86.6,0.939,"High","WeightedFair",64.2,"Normal"
68.7,-63.2,0.73,"Medium","PriorityAware",76.3,"Normal"
81.6,-73.5,0.795,"Low","PriorityAware",59.9,"Normal"
91.4,-83.3,0.475,"Medium","PriorityAware",78.9,"Normal"
71.1,-70.9,0.358,"Low","RoundRobin",75,"Normal"
97.5,-66.7,0.688,"High","WeightedFair",94,"High"
73.1,-81.2,0.645,"Medium","WeightedFair",72.5,"Normal"
85.8,-84.7,0.512,"Medium","PriorityAware",83.6,"High"
66.8,-67.7,0.981,"High","RoundRobin",72.4,"Normal"
81.9,-96,0.954,"Medium","PriorityAware",67.4,"Normal"
62.9,-71.2,0.411,"Medium","WeightedFair",79.5,"Normal"
61.5,-90.7,0.871,"High","WeightedFair",79.2,"Normal"
81.4,-79.4,0.832,"Low","PriorityAware",49.8,"Normal"
53.7,-88.5,0.634,"Low","PriorityAware",45.6,"Normal"
40.5,-85.9,0.414,"Medium","WeightedFair",66.8,"Normal"
80.9,-81.8,0.406,"High","RoundRobin",114.8,"High"
49.4,-71.6,0.474,"Medium","PriorityAware",73.9,"Normal"
57.3,-96,0.932,"Low","PriorityAware",59.1,"Normal"
53.2,-86.9,0.645,"Medium","WeightedFair",61.8,"Normal"
75,-74.5,0.438,"High","RoundRobin",119.7,"High"
104,-72.2,0.442,"High","RoundRobin",96.5,"High"
77.8,-95.8,0.434,"Medium","RoundRobin",88.3,"High"
87.5,-55.9,0.883,"Low","RoundRobin",69.2,"Normal"
79.2,-63.5,0.768,"Medium","PriorityAware",76.2,"Normal"
99.7,-90.5,0.425,"Medium","WeightedFair",110.5,"High"
60.3,-80,0.647,"Medium","PriorityAware",63.9,"Normal"
37.8,-93.2,0.481,"Medium","RoundRobin",83.9,"High"
73.3,-97.1,0.461,"Medium","WeightedFair",90.3,"High"
33.2,-86.3,0.352,"Low","PriorityAware",68.4,"Normal"
78.8,-91.4,0.63,"High","RoundRobin",98.2,"High"
58.4,-74.7,0.352,"Low","WeightedFair",70,"Normal"
93.7,-76.4,0.788,"Medium","RoundRobin",75.7,"Normal"
86.4,-83.8,0.531,"High","RoundRobin",98.7,"High"
